2024-08-29 14:25:37,545 INFO  c.c.e.ErsentinelSpringbootApplication - Starting ErsentinelSpringbootApplication using Java 17.0.6 with PID 30476 (D:\OneDrive - dgu.ac.kr\바탕 화면\공부\Spring\ER_SENTINEL_CtrlCV\ersentinel_springboot\build\classes\java\main started by ei456 in D:\OneDrive - dgu.ac.kr\바탕 화면\공부\Spring\ER_SENTINEL_CtrlCV\ersentinel_springboot)
2024-08-29 14:25:37,547 INFO  c.c.e.component.MariaDBAppender - [MariaDBAppender] append
2024-08-29 14:25:37,549 INFO  c.c.e.component.MariaDBAppender - [getlog]Starting ErsentinelSpringbootApplication using Java 17.0.6 with PID 30476 (D:\OneDrive - dgu.ac.kr\바탕 화면\공부\Spring\ER_SENTINEL_CtrlCV\ersentinel_springboot\build\classes\java\main started by ei456 in D:\OneDrive - dgu.ac.kr\바탕 화면\공부\Spring\ER_SENTINEL_CtrlCV\ersentinel_springboot)
2024-08-29 14:25:37,551 INFO  c.c.e.ErsentinelSpringbootApplication - No active profile set, falling back to 1 default profile: "default"
2024-08-29 14:25:37,552 INFO  c.c.e.component.MariaDBAppender - [MariaDBAppender] append
2024-08-29 14:25:37,552 INFO  c.c.e.component.MariaDBAppender - [getlog]No active profile set, falling back to 1 default profile: "default"
2024-08-29 14:25:38,752 INFO  o.s.d.r.c.RepositoryConfigurationDelegate - Multiple Spring Data modules found, entering strict repository configuration mode
2024-08-29 14:25:38,752 INFO  c.c.e.component.MariaDBAppender - [MariaDBAppender] append
2024-08-29 14:25:38,752 INFO  c.c.e.component.MariaDBAppender - [getlog]Multiple Spring Data modules found, entering strict repository configuration mode
2024-08-29 14:25:38,755 INFO  o.s.d.r.c.RepositoryConfigurationDelegate - Bootstrapping Spring Data JPA repositories in DEFAULT mode.
2024-08-29 14:25:38,755 INFO  c.c.e.component.MariaDBAppender - [MariaDBAppender] append
2024-08-29 14:25:38,755 INFO  c.c.e.component.MariaDBAppender - [getlog]Bootstrapping Spring Data JPA repositories in DEFAULT mode.
2024-08-29 14:25:38,972 INFO  o.s.d.r.c.RepositoryConfigurationDelegate - Finished Spring Data repository scanning in 209 ms. Found 8 JPA repository interfaces.
2024-08-29 14:25:38,972 INFO  c.c.e.component.MariaDBAppender - [MariaDBAppender] append
2024-08-29 14:25:38,972 INFO  c.c.e.component.MariaDBAppender - [getlog]Finished Spring Data repository scanning in 209 ms. Found 8 JPA repository interfaces.
2024-08-29 14:25:39,626 INFO  o.s.b.w.e.tomcat.TomcatWebServer - Tomcat initialized with port(s): 8080 (http)
2024-08-29 14:25:39,627 INFO  c.c.e.component.MariaDBAppender - [MariaDBAppender] append
2024-08-29 14:25:39,627 INFO  c.c.e.component.MariaDBAppender - [getlog]Tomcat initialized with port(s): 8080 (http)
2024-08-29 14:25:39,639 INFO  o.a.coyote.http11.Http11NioProtocol - Initializing ProtocolHandler ["http-nio-8080"]
2024-08-29 14:25:39,639 INFO  c.c.e.component.MariaDBAppender - [MariaDBAppender] append
2024-08-29 14:25:39,639 INFO  c.c.e.component.MariaDBAppender - [getlog]Initializing ProtocolHandler ["http-nio-8080"]
2024-08-29 14:25:39,642 INFO  o.a.catalina.core.StandardService - Starting service [Tomcat]
2024-08-29 14:25:39,642 INFO  c.c.e.component.MariaDBAppender - [MariaDBAppender] append
2024-08-29 14:25:39,642 INFO  c.c.e.component.MariaDBAppender - [getlog]Starting service [Tomcat]
2024-08-29 14:25:39,643 INFO  o.a.catalina.core.StandardEngine - Starting Servlet engine: [Apache Tomcat/10.1.11]
2024-08-29 14:25:39,643 INFO  c.c.e.component.MariaDBAppender - [MariaDBAppender] append
2024-08-29 14:25:39,643 INFO  c.c.e.component.MariaDBAppender - [getlog]Starting Servlet engine: [Apache Tomcat/10.1.11]
2024-08-29 14:25:39,799 INFO  o.a.c.c.C.[Tomcat].[localhost].[/] - Initializing Spring embedded WebApplicationContext
2024-08-29 14:25:39,799 INFO  c.c.e.component.MariaDBAppender - [MariaDBAppender] append
2024-08-29 14:25:39,799 INFO  c.c.e.component.MariaDBAppender - [getlog]Initializing Spring embedded WebApplicationContext
2024-08-29 14:25:39,800 INFO  o.s.b.w.s.c.ServletWebServerApplicationContext - Root WebApplicationContext: initialization completed in 2190 ms
2024-08-29 14:25:39,800 INFO  c.c.e.component.MariaDBAppender - [MariaDBAppender] append
2024-08-29 14:25:39,800 INFO  c.c.e.component.MariaDBAppender - [getlog]Root WebApplicationContext: initialization completed in 2190 ms
2024-08-29 14:25:39,972 INFO  o.h.jpa.internal.util.LogHelper - HHH000204: Processing PersistenceUnitInfo [name: default]
2024-08-29 14:25:39,974 INFO  c.c.e.component.MariaDBAppender - [MariaDBAppender] append
2024-08-29 14:25:39,974 INFO  c.c.e.component.MariaDBAppender - [getlog]HHH000204: Processing PersistenceUnitInfo [name: default]
2024-08-29 14:25:40,032 INFO  org.hibernate.Version - HHH000412: Hibernate ORM core version 6.2.6.Final
2024-08-29 14:25:40,032 INFO  c.c.e.component.MariaDBAppender - [MariaDBAppender] append
2024-08-29 14:25:40,032 INFO  c.c.e.component.MariaDBAppender - [getlog]HHH000412: Hibernate ORM core version 6.2.6.Final
2024-08-29 14:25:40,035 INFO  org.hibernate.cfg.Environment - HHH000406: Using bytecode reflection optimizer
2024-08-29 14:25:40,036 INFO  c.c.e.component.MariaDBAppender - [MariaDBAppender] append
2024-08-29 14:25:40,036 INFO  c.c.e.component.MariaDBAppender - [getlog]HHH000406: Using bytecode reflection optimizer
2024-08-29 14:25:40,204 INFO  o.h.b.i.BytecodeProviderInitiator - HHH000021: Bytecode provider name : bytebuddy
2024-08-29 14:25:40,205 INFO  c.c.e.component.MariaDBAppender - [MariaDBAppender] append
2024-08-29 14:25:40,205 INFO  c.c.e.component.MariaDBAppender - [getlog]HHH000021: Bytecode provider name : bytebuddy
2024-08-29 14:25:40,406 INFO  o.s.o.j.p.SpringPersistenceUnitInfo - No LoadTimeWeaver setup: ignoring JPA class transformer
2024-08-29 14:25:40,406 INFO  c.c.e.component.MariaDBAppender - [MariaDBAppender] append
2024-08-29 14:25:40,406 INFO  c.c.e.component.MariaDBAppender - [getlog]No LoadTimeWeaver setup: ignoring JPA class transformer
2024-08-29 14:25:40,429 INFO  com.zaxxer.hikari.HikariDataSource - HikariPool-1 - Starting...
2024-08-29 14:25:40,429 INFO  c.c.e.component.MariaDBAppender - [MariaDBAppender] append
2024-08-29 14:25:40,429 INFO  c.c.e.component.MariaDBAppender - [getlog]HikariPool-1 - Starting...
2024-08-29 14:25:40,513 INFO  com.zaxxer.hikari.pool.HikariPool - HikariPool-1 - Added connection conn0: url=jdbc:h2:tcp://localhost/~/test user=SA
2024-08-29 14:25:40,513 INFO  c.c.e.component.MariaDBAppender - [MariaDBAppender] append
2024-08-29 14:25:40,513 INFO  c.c.e.component.MariaDBAppender - [getlog]HikariPool-1 - Added connection conn0: url=jdbc:h2:tcp://localhost/~/test user=SA
2024-08-29 14:25:40,515 INFO  com.zaxxer.hikari.HikariDataSource - HikariPool-1 - Start completed.
2024-08-29 14:25:40,515 INFO  c.c.e.component.MariaDBAppender - [MariaDBAppender] append
2024-08-29 14:25:40,515 INFO  c.c.e.component.MariaDBAppender - [getlog]HikariPool-1 - Start completed.
2024-08-29 14:25:40,864 INFO  o.h.b.i.BytecodeProviderInitiator - HHH000021: Bytecode provider name : bytebuddy
2024-08-29 14:25:40,864 INFO  c.c.e.component.MariaDBAppender - [MariaDBAppender] append
2024-08-29 14:25:40,864 INFO  c.c.e.component.MariaDBAppender - [getlog]HHH000021: Bytecode provider name : bytebuddy
2024-08-29 14:25:41,665 INFO  o.h.e.t.j.p.i.JtaPlatformInitiator - HHH000490: Using JtaPlatform implementation: [org.hibernate.engine.transaction.jta.platform.internal.NoJtaPlatform]
2024-08-29 14:25:41,665 INFO  c.c.e.component.MariaDBAppender - [MariaDBAppender] append
2024-08-29 14:25:41,665 INFO  c.c.e.component.MariaDBAppender - [getlog]HHH000490: Using JtaPlatform implementation: [org.hibernate.engine.transaction.jta.platform.internal.NoJtaPlatform]
2024-08-29 14:25:41,809 WARN  o.h.t.s.i.ExceptionHandlerLoggedImpl - GenerationTarget encountered exception accepting command : Error executing DDL "
    alter table if exists hospital
       add column duty_id varchar(255) not null" via JDBC [NULL not allowed for column "DUTY_ID";]
org.hibernate.tool.schema.spi.CommandAcceptanceException: Error executing DDL "
    alter table if exists hospital
       add column duty_id varchar(255) not null" via JDBC [NULL not allowed for column "DUTY_ID";]
	at org.hibernate.tool.schema.internal.exec.GenerationTargetToDatabase.accept(GenerationTargetToDatabase.java:92)
	at org.hibernate.tool.schema.internal.AbstractSchemaMigrator.applySqlString(AbstractSchemaMigrator.java:574)
	at org.hibernate.tool.schema.internal.AbstractSchemaMigrator.applySqlStrings(AbstractSchemaMigrator.java:514)
	at org.hibernate.tool.schema.internal.AbstractSchemaMigrator.migrateTable(AbstractSchemaMigrator.java:333)
	at org.hibernate.tool.schema.internal.GroupedSchemaMigratorImpl.performTablesMigration(GroupedSchemaMigratorImpl.java:84)
	at org.hibernate.tool.schema.internal.AbstractSchemaMigrator.performMigration(AbstractSchemaMigrator.java:232)
	at org.hibernate.tool.schema.internal.AbstractSchemaMigrator.doMigration(AbstractSchemaMigrator.java:117)
	at org.hibernate.tool.schema.spi.SchemaManagementToolCoordinator.performDatabaseAction(SchemaManagementToolCoordinator.java:284)
	at org.hibernate.tool.schema.spi.SchemaManagementToolCoordinator.lambda$process$5(SchemaManagementToolCoordinator.java:143)
	at java.base/java.util.HashMap.forEach(HashMap.java:1421)
	at org.hibernate.tool.schema.spi.SchemaManagementToolCoordinator.process(SchemaManagementToolCoordinator.java:140)
	at org.hibernate.boot.internal.SessionFactoryObserverForSchemaExport.sessionFactoryCreated(SessionFactoryObserverForSchemaExport.java:37)
	at org.hibernate.internal.SessionFactoryObserverChain.sessionFactoryCreated(SessionFactoryObserverChain.java:35)
	at org.hibernate.internal.SessionFactoryImpl.<init>(SessionFactoryImpl.java:292)
	at org.hibernate.boot.internal.SessionFactoryBuilderImpl.build(SessionFactoryBuilderImpl.java:431)
	at org.hibernate.jpa.boot.internal.EntityManagerFactoryBuilderImpl.build(EntityManagerFactoryBuilderImpl.java:1455)
	at org.springframework.orm.jpa.vendor.SpringHibernateJpaPersistenceProvider.createContainerEntityManagerFactory(SpringHibernateJpaPersistenceProvider.java:75)
	at org.springframework.orm.jpa.LocalContainerEntityManagerFactoryBean.createNativeEntityManagerFactory(LocalContainerEntityManagerFactoryBean.java:376)
	at org.springframework.orm.jpa.AbstractEntityManagerFactoryBean.buildNativeEntityManagerFactory(AbstractEntityManagerFactoryBean.java:409)
	at org.springframework.orm.jpa.AbstractEntityManagerFactoryBean.afterPropertiesSet(AbstractEntityManagerFactoryBean.java:396)
	at org.springframework.orm.jpa.LocalContainerEntityManagerFactoryBean.afterPropertiesSet(LocalContainerEntityManagerFactoryBean.java:352)
	at org.springframework.beans.factory.support.AbstractAutowireCapableBeanFactory.invokeInitMethods(AbstractAutowireCapableBeanFactory.java:1817)
	at org.springframework.beans.factory.support.AbstractAutowireCapableBeanFactory.initializeBean(AbstractAutowireCapableBeanFactory.java:1766)
	at org.springframework.beans.factory.support.AbstractAutowireCapableBeanFactory.doCreateBean(AbstractAutowireCapableBeanFactory.java:598)
	at org.springframework.beans.factory.support.AbstractAutowireCapableBeanFactory.createBean(AbstractAutowireCapableBeanFactory.java:520)
	at org.springframework.beans.factory.support.AbstractBeanFactory.lambda$doGetBean$0(AbstractBeanFactory.java:326)
	at org.springframework.beans.factory.support.DefaultSingletonBeanRegistry.getSingleton(DefaultSingletonBeanRegistry.java:234)
	at org.springframework.beans.factory.support.AbstractBeanFactory.doGetBean(AbstractBeanFactory.java:324)
	at org.springframework.beans.factory.support.AbstractBeanFactory.getBean(AbstractBeanFactory.java:200)
	at org.springframework.beans.factory.support.BeanDefinitionValueResolver.resolveReference(BeanDefinitionValueResolver.java:365)
	at org.springframework.beans.factory.support.BeanDefinitionValueResolver.resolveValueIfNecessary(BeanDefinitionValueResolver.java:135)
	at org.springframework.beans.factory.support.ConstructorResolver.resolveConstructorArguments(ConstructorResolver.java:693)
	at org.springframework.beans.factory.support.ConstructorResolver.instantiateUsingFactoryMethod(ConstructorResolver.java:517)
	at org.springframework.beans.factory.support.AbstractAutowireCapableBeanFactory.instantiateUsingFactoryMethod(AbstractAutowireCapableBeanFactory.java:1332)
	at org.springframework.beans.factory.support.AbstractAutowireCapableBeanFactory.createBeanInstance(AbstractAutowireCapableBeanFactory.java:1162)
	at org.springframework.beans.factory.support.AbstractAutowireCapableBeanFactory.doCreateBean(AbstractAutowireCapableBeanFactory.java:560)
	at org.springframework.beans.factory.support.AbstractAutowireCapableBeanFactory.createBean(AbstractAutowireCapableBeanFactory.java:520)
	at org.springframework.beans.factory.support.AbstractBeanFactory.lambda$doGetBean$0(AbstractBeanFactory.java:326)
	at org.springframework.beans.factory.support.DefaultSingletonBeanRegistry.getSingleton(DefaultSingletonBeanRegistry.java:234)
	at org.springframework.beans.factory.support.AbstractBeanFactory.doGetBean(AbstractBeanFactory.java:324)
	at org.springframework.beans.factory.support.AbstractBeanFactory.getBean(AbstractBeanFactory.java:200)
	at org.springframework.beans.factory.support.BeanDefinitionValueResolver.resolveReference(BeanDefinitionValueResolver.java:365)
	at org.springframework.beans.factory.support.BeanDefinitionValueResolver.resolveValueIfNecessary(BeanDefinitionValueResolver.java:135)
	at org.springframework.beans.factory.support.AbstractAutowireCapableBeanFactory.applyPropertyValues(AbstractAutowireCapableBeanFactory.java:1682)
	at org.springframework.beans.factory.support.AbstractAutowireCapableBeanFactory.populateBean(AbstractAutowireCapableBeanFactory.java:1431)
	at org.springframework.beans.factory.support.AbstractAutowireCapableBeanFactory.doCreateBean(AbstractAutowireCapableBeanFactory.java:597)
	at org.springframework.beans.factory.support.AbstractAutowireCapableBeanFactory.createBean(AbstractAutowireCapableBeanFactory.java:520)
	at org.springframework.beans.factory.support.AbstractBeanFactory.lambda$doGetBean$0(AbstractBeanFactory.java:326)
	at org.springframework.beans.factory.support.DefaultSingletonBeanRegistry.getSingleton(DefaultSingletonBeanRegistry.java:234)
	at org.springframework.beans.factory.support.AbstractBeanFactory.doGetBean(AbstractBeanFactory.java:324)
	at org.springframework.beans.factory.support.AbstractBeanFactory.getBean(AbstractBeanFactory.java:200)
	at org.springframework.beans.factory.config.DependencyDescriptor.resolveCandidate(DependencyDescriptor.java:254)
	at org.springframework.beans.factory.support.DefaultListableBeanFactory.doResolveDependency(DefaultListableBeanFactory.java:1417)
	at org.springframework.beans.factory.support.DefaultListableBeanFactory.resolveDependency(DefaultListableBeanFactory.java:1337)
	at org.springframework.beans.factory.support.ConstructorResolver.resolveAutowiredArgument(ConstructorResolver.java:888)
	at org.springframework.beans.factory.support.ConstructorResolver.createArgumentArray(ConstructorResolver.java:791)
	at org.springframework.beans.factory.support.ConstructorResolver.autowireConstructor(ConstructorResolver.java:245)
	at org.springframework.beans.factory.support.AbstractAutowireCapableBeanFactory.autowireConstructor(AbstractAutowireCapableBeanFactory.java:1352)
	at org.springframework.beans.factory.support.AbstractAutowireCapableBeanFactory.createBeanInstance(AbstractAutowireCapableBeanFactory.java:1189)
	at org.springframework.beans.factory.support.AbstractAutowireCapableBeanFactory.doCreateBean(AbstractAutowireCapableBeanFactory.java:560)
	at org.springframework.beans.factory.support.AbstractAutowireCapableBeanFactory.createBean(AbstractAutowireCapableBeanFactory.java:520)
	at org.springframework.beans.factory.support.AbstractBeanFactory.lambda$doGetBean$0(AbstractBeanFactory.java:326)
	at org.springframework.beans.factory.support.DefaultSingletonBeanRegistry.getSingleton(DefaultSingletonBeanRegistry.java:234)
	at org.springframework.beans.factory.support.AbstractBeanFactory.doGetBean(AbstractBeanFactory.java:324)
	at org.springframework.beans.factory.support.AbstractBeanFactory.getBean(AbstractBeanFactory.java:200)
	at org.springframework.beans.factory.config.DependencyDescriptor.resolveCandidate(DependencyDescriptor.java:254)
	at org.springframework.beans.factory.support.DefaultListableBeanFactory.doResolveDependency(DefaultListableBeanFactory.java:1417)
	at org.springframework.beans.factory.support.DefaultListableBeanFactory.resolveDependency(DefaultListableBeanFactory.java:1337)
	at org.springframework.beans.factory.support.ConstructorResolver.resolveAutowiredArgument(ConstructorResolver.java:888)
	at org.springframework.beans.factory.support.ConstructorResolver.createArgumentArray(ConstructorResolver.java:791)
	at org.springframework.beans.factory.support.ConstructorResolver.autowireConstructor(ConstructorResolver.java:245)
	at org.springframework.beans.factory.support.AbstractAutowireCapableBeanFactory.autowireConstructor(AbstractAutowireCapableBeanFactory.java:1352)
	at org.springframework.beans.factory.support.AbstractAutowireCapableBeanFactory.createBeanInstance(AbstractAutowireCapableBeanFactory.java:1189)
	at org.springframework.beans.factory.support.AbstractAutowireCapableBeanFactory.doCreateBean(AbstractAutowireCapableBeanFactory.java:560)
	at org.springframework.beans.factory.support.AbstractAutowireCapableBeanFactory.createBean(AbstractAutowireCapableBeanFactory.java:520)
	at org.springframework.beans.factory.support.AbstractBeanFactory.lambda$doGetBean$0(AbstractBeanFactory.java:326)
	at org.springframework.beans.factory.support.DefaultSingletonBeanRegistry.getSingleton(DefaultSingletonBeanRegistry.java:234)
	at org.springframework.beans.factory.support.AbstractBeanFactory.doGetBean(AbstractBeanFactory.java:324)
	at org.springframework.beans.factory.support.AbstractBeanFactory.getBean(AbstractBeanFactory.java:205)
	at org.springframework.boot.web.servlet.ServletContextInitializerBeans.getOrderedBeansOfType(ServletContextInitializerBeans.java:210)
	at org.springframework.boot.web.servlet.ServletContextInitializerBeans.addAsRegistrationBean(ServletContextInitializerBeans.java:173)
	at org.springframework.boot.web.servlet.ServletContextInitializerBeans.addAsRegistrationBean(ServletContextInitializerBeans.java:168)
	at org.springframework.boot.web.servlet.ServletContextInitializerBeans.addAdaptableBeans(ServletContextInitializerBeans.java:153)
	at org.springframework.boot.web.servlet.ServletContextInitializerBeans.<init>(ServletContextInitializerBeans.java:86)
	at org.springframework.boot.web.servlet.context.ServletWebServerApplicationContext.getServletContextInitializerBeans(ServletWebServerApplicationContext.java:261)
	at org.springframework.boot.web.servlet.context.ServletWebServerApplicationContext.selfInitialize(ServletWebServerApplicationContext.java:235)
	at org.springframework.boot.web.embedded.tomcat.TomcatStarter.onStartup(TomcatStarter.java:52)
	at org.apache.catalina.core.StandardContext.startInternal(StandardContext.java:4886)
	at org.apache.catalina.util.LifecycleBase.start(LifecycleBase.java:183)
	at org.apache.catalina.core.ContainerBase$StartChild.call(ContainerBase.java:1328)
	at org.apache.catalina.core.ContainerBase$StartChild.call(ContainerBase.java:1318)
	at java.base/java.util.concurrent.FutureTask.run(FutureTask.java:264)
	at org.apache.tomcat.util.threads.InlineExecutorService.execute(InlineExecutorService.java:75)
	at java.base/java.util.concurrent.AbstractExecutorService.submit(AbstractExecutorService.java:145)
	at org.apache.catalina.core.ContainerBase.startInternal(ContainerBase.java:866)
	at org.apache.catalina.core.StandardHost.startInternal(StandardHost.java:846)
	at org.apache.catalina.util.LifecycleBase.start(LifecycleBase.java:183)
	at org.apache.catalina.core.ContainerBase$StartChild.call(ContainerBase.java:1328)
	at org.apache.catalina.core.ContainerBase$StartChild.call(ContainerBase.java:1318)
	at java.base/java.util.concurrent.FutureTask.run(FutureTask.java:264)
	at org.apache.tomcat.util.threads.InlineExecutorService.execute(InlineExecutorService.java:75)
	at java.base/java.util.concurrent.AbstractExecutorService.submit(AbstractExecutorService.java:145)
	at org.apache.catalina.core.ContainerBase.startInternal(ContainerBase.java:866)
	at org.apache.catalina.core.StandardEngine.startInternal(StandardEngine.java:241)
	at org.apache.catalina.util.LifecycleBase.start(LifecycleBase.java:183)
	at org.apache.catalina.core.StandardService.startInternal(StandardService.java:428)
	at org.apache.catalina.util.LifecycleBase.start(LifecycleBase.java:183)
	at org.apache.catalina.core.StandardServer.startInternal(StandardServer.java:918)
	at org.apache.catalina.util.LifecycleBase.start(LifecycleBase.java:183)
	at org.apache.catalina.startup.Tomcat.start(Tomcat.java:485)
	at org.springframework.boot.web.embedded.tomcat.TomcatWebServer.initialize(TomcatWebServer.java:123)
	at org.springframework.boot.web.embedded.tomcat.TomcatWebServer.<init>(TomcatWebServer.java:104)
	at org.springframework.boot.web.embedded.tomcat.TomcatServletWebServerFactory.getTomcatWebServer(TomcatServletWebServerFactory.java:489)
	at org.springframework.boot.web.embedded.tomcat.TomcatServletWebServerFactory.getWebServer(TomcatServletWebServerFactory.java:211)
	at org.springframework.boot.web.servlet.context.ServletWebServerApplicationContext.createWebServer(ServletWebServerApplicationContext.java:183)
	at org.springframework.boot.web.servlet.context.ServletWebServerApplicationContext.onRefresh(ServletWebServerApplicationContext.java:161)
	at org.springframework.context.support.AbstractApplicationContext.refresh(AbstractApplicationContext.java:602)
	at org.springframework.boot.web.servlet.context.ServletWebServerApplicationContext.refresh(ServletWebServerApplicationContext.java:146)
	at org.springframework.boot.SpringApplication.refresh(SpringApplication.java:734)
	at org.springframework.boot.SpringApplication.refreshContext(SpringApplication.java:436)
	at org.springframework.boot.SpringApplication.run(SpringApplication.java:312)
	at org.springframework.boot.SpringApplication.run(SpringApplication.java:1306)
	at org.springframework.boot.SpringApplication.run(SpringApplication.java:1295)
	at com.ctrlcv.ersentinel_springboot.ErsentinelSpringbootApplication.main(ErsentinelSpringbootApplication.java:16)
Caused by: org.h2.jdbc.JdbcSQLIntegrityConstraintViolationException: NULL not allowed for column "DUTY_ID"; SQL statement:
INSERT INTO "PUBLIC"."HOSPITAL_COPY_145_0"("ID", "ADDRESS", "CLASSIFICATION", "LOGO_PATH", "NAME", "PHONE", "ZIP_CODE") OVERRIDING SYSTEM VALUE SELECT "ID", "ADDRESS", "CLASSIFICATION", "LOGO_PATH", "NAME", "PHONE", "ZIP_CODE" FROM "PUBLIC"."HOSPITAL" [23502-214]
	at org.h2.message.DbException.getJdbcSQLException(DbException.java:508)
	at org.h2.engine.SessionRemote.readException(SessionRemote.java:637)
	at org.h2.engine.SessionRemote.done(SessionRemote.java:606)
	at org.h2.command.CommandRemote.executeUpdate(CommandRemote.java:227)
	at org.h2.jdbc.JdbcStatement.executeInternal(JdbcStatement.java:252)
	at org.h2.jdbc.JdbcStatement.execute(JdbcStatement.java:223)
	at com.zaxxer.hikari.pool.ProxyStatement.execute(ProxyStatement.java:94)
	at com.zaxxer.hikari.pool.HikariProxyStatement.execute(HikariProxyStatement.java)
	at org.hibernate.tool.schema.internal.exec.GenerationTargetToDatabase.accept(GenerationTargetToDatabase.java:78)
	... 123 common frames omitted
2024-08-29 14:25:41,814 INFO  c.c.e.component.MariaDBAppender - [MariaDBAppender] append
2024-08-29 14:25:41,814 INFO  c.c.e.component.MariaDBAppender - [getlog]GenerationTarget encountered exception accepting command : Error executing DDL "
    alter table if exists hospital
       add column duty_id varchar(255) not null" via JDBC [NULL not allowed for column "DUTY_ID";]
2024-08-29 14:25:41,913 WARN  o.h.t.s.i.ExceptionHandlerLoggedImpl - GenerationTarget encountered exception accepting command : Error executing DDL "
    create table user (
        id integer generated by default as identity,
        email varchar(255),
        nickname varchar(255),
        password varchar(255),
        role varchar(255) check (role in ('ADMIN','USER')),
        username varchar(255),
        primary key (id)
    )" via JDBC [Syntax error in SQL statement "\000d\000a    create table [*]user (\000d\000a        id integer generated by default as identity,\000d\000a        email varchar(255),\000d\000a        nickname varchar(255),\000d\000a        password varchar(255),\000d\000a        role varchar(255) check (role in ('ADMIN','USER')),\000d\000a        username varchar(255),\000d\000a        primary key (id)\000d\000a    )"; expected "identifier";]
org.hibernate.tool.schema.spi.CommandAcceptanceException: Error executing DDL "
    create table user (
        id integer generated by default as identity,
        email varchar(255),
        nickname varchar(255),
        password varchar(255),
        role varchar(255) check (role in ('ADMIN','USER')),
        username varchar(255),
        primary key (id)
    )" via JDBC [Syntax error in SQL statement "\000d\000a    create table [*]user (\000d\000a        id integer generated by default as identity,\000d\000a        email varchar(255),\000d\000a        nickname varchar(255),\000d\000a        password varchar(255),\000d\000a        role varchar(255) check (role in ('ADMIN','USER')),\000d\000a        username varchar(255),\000d\000a        primary key (id)\000d\000a    )"; expected "identifier";]
	at org.hibernate.tool.schema.internal.exec.GenerationTargetToDatabase.accept(GenerationTargetToDatabase.java:92)
	at org.hibernate.tool.schema.internal.AbstractSchemaMigrator.applySqlString(AbstractSchemaMigrator.java:574)
	at org.hibernate.tool.schema.internal.AbstractSchemaMigrator.applySqlStrings(AbstractSchemaMigrator.java:514)
	at org.hibernate.tool.schema.internal.AbstractSchemaMigrator.createTable(AbstractSchemaMigrator.java:315)
	at org.hibernate.tool.schema.internal.GroupedSchemaMigratorImpl.performTablesMigration(GroupedSchemaMigratorImpl.java:80)
	at org.hibernate.tool.schema.internal.AbstractSchemaMigrator.performMigration(AbstractSchemaMigrator.java:232)
	at org.hibernate.tool.schema.internal.AbstractSchemaMigrator.doMigration(AbstractSchemaMigrator.java:117)
	at org.hibernate.tool.schema.spi.SchemaManagementToolCoordinator.performDatabaseAction(SchemaManagementToolCoordinator.java:284)
	at org.hibernate.tool.schema.spi.SchemaManagementToolCoordinator.lambda$process$5(SchemaManagementToolCoordinator.java:143)
	at java.base/java.util.HashMap.forEach(HashMap.java:1421)
	at org.hibernate.tool.schema.spi.SchemaManagementToolCoordinator.process(SchemaManagementToolCoordinator.java:140)
	at org.hibernate.boot.internal.SessionFactoryObserverForSchemaExport.sessionFactoryCreated(SessionFactoryObserverForSchemaExport.java:37)
	at org.hibernate.internal.SessionFactoryObserverChain.sessionFactoryCreated(SessionFactoryObserverChain.java:35)
	at org.hibernate.internal.SessionFactoryImpl.<init>(SessionFactoryImpl.java:292)
	at org.hibernate.boot.internal.SessionFactoryBuilderImpl.build(SessionFactoryBuilderImpl.java:431)
	at org.hibernate.jpa.boot.internal.EntityManagerFactoryBuilderImpl.build(EntityManagerFactoryBuilderImpl.java:1455)
	at org.springframework.orm.jpa.vendor.SpringHibernateJpaPersistenceProvider.createContainerEntityManagerFactory(SpringHibernateJpaPersistenceProvider.java:75)
	at org.springframework.orm.jpa.LocalContainerEntityManagerFactoryBean.createNativeEntityManagerFactory(LocalContainerEntityManagerFactoryBean.java:376)
	at org.springframework.orm.jpa.AbstractEntityManagerFactoryBean.buildNativeEntityManagerFactory(AbstractEntityManagerFactoryBean.java:409)
	at org.springframework.orm.jpa.AbstractEntityManagerFactoryBean.afterPropertiesSet(AbstractEntityManagerFactoryBean.java:396)
	at org.springframework.orm.jpa.LocalContainerEntityManagerFactoryBean.afterPropertiesSet(LocalContainerEntityManagerFactoryBean.java:352)
	at org.springframework.beans.factory.support.AbstractAutowireCapableBeanFactory.invokeInitMethods(AbstractAutowireCapableBeanFactory.java:1817)
	at org.springframework.beans.factory.support.AbstractAutowireCapableBeanFactory.initializeBean(AbstractAutowireCapableBeanFactory.java:1766)
	at org.springframework.beans.factory.support.AbstractAutowireCapableBeanFactory.doCreateBean(AbstractAutowireCapableBeanFactory.java:598)
	at org.springframework.beans.factory.support.AbstractAutowireCapableBeanFactory.createBean(AbstractAutowireCapableBeanFactory.java:520)
	at org.springframework.beans.factory.support.AbstractBeanFactory.lambda$doGetBean$0(AbstractBeanFactory.java:326)
	at org.springframework.beans.factory.support.DefaultSingletonBeanRegistry.getSingleton(DefaultSingletonBeanRegistry.java:234)
	at org.springframework.beans.factory.support.AbstractBeanFactory.doGetBean(AbstractBeanFactory.java:324)
	at org.springframework.beans.factory.support.AbstractBeanFactory.getBean(AbstractBeanFactory.java:200)
	at org.springframework.beans.factory.support.BeanDefinitionValueResolver.resolveReference(BeanDefinitionValueResolver.java:365)
	at org.springframework.beans.factory.support.BeanDefinitionValueResolver.resolveValueIfNecessary(BeanDefinitionValueResolver.java:135)
	at org.springframework.beans.factory.support.ConstructorResolver.resolveConstructorArguments(ConstructorResolver.java:693)
	at org.springframework.beans.factory.support.ConstructorResolver.instantiateUsingFactoryMethod(ConstructorResolver.java:517)
	at org.springframework.beans.factory.support.AbstractAutowireCapableBeanFactory.instantiateUsingFactoryMethod(AbstractAutowireCapableBeanFactory.java:1332)
	at org.springframework.beans.factory.support.AbstractAutowireCapableBeanFactory.createBeanInstance(AbstractAutowireCapableBeanFactory.java:1162)
	at org.springframework.beans.factory.support.AbstractAutowireCapableBeanFactory.doCreateBean(AbstractAutowireCapableBeanFactory.java:560)
	at org.springframework.beans.factory.support.AbstractAutowireCapableBeanFactory.createBean(AbstractAutowireCapableBeanFactory.java:520)
	at org.springframework.beans.factory.support.AbstractBeanFactory.lambda$doGetBean$0(AbstractBeanFactory.java:326)
	at org.springframework.beans.factory.support.DefaultSingletonBeanRegistry.getSingleton(DefaultSingletonBeanRegistry.java:234)
	at org.springframework.beans.factory.support.AbstractBeanFactory.doGetBean(AbstractBeanFactory.java:324)
	at org.springframework.beans.factory.support.AbstractBeanFactory.getBean(AbstractBeanFactory.java:200)
	at org.springframework.beans.factory.support.BeanDefinitionValueResolver.resolveReference(BeanDefinitionValueResolver.java:365)
	at org.springframework.beans.factory.support.BeanDefinitionValueResolver.resolveValueIfNecessary(BeanDefinitionValueResolver.java:135)
	at org.springframework.beans.factory.support.AbstractAutowireCapableBeanFactory.applyPropertyValues(AbstractAutowireCapableBeanFactory.java:1682)
	at org.springframework.beans.factory.support.AbstractAutowireCapableBeanFactory.populateBean(AbstractAutowireCapableBeanFactory.java:1431)
	at org.springframework.beans.factory.support.AbstractAutowireCapableBeanFactory.doCreateBean(AbstractAutowireCapableBeanFactory.java:597)
	at org.springframework.beans.factory.support.AbstractAutowireCapableBeanFactory.createBean(AbstractAutowireCapableBeanFactory.java:520)
	at org.springframework.beans.factory.support.AbstractBeanFactory.lambda$doGetBean$0(AbstractBeanFactory.java:326)
	at org.springframework.beans.factory.support.DefaultSingletonBeanRegistry.getSingleton(DefaultSingletonBeanRegistry.java:234)
	at org.springframework.beans.factory.support.AbstractBeanFactory.doGetBean(AbstractBeanFactory.java:324)
	at org.springframework.beans.factory.support.AbstractBeanFactory.getBean(AbstractBeanFactory.java:200)
	at org.springframework.beans.factory.config.DependencyDescriptor.resolveCandidate(DependencyDescriptor.java:254)
	at org.springframework.beans.factory.support.DefaultListableBeanFactory.doResolveDependency(DefaultListableBeanFactory.java:1417)
	at org.springframework.beans.factory.support.DefaultListableBeanFactory.resolveDependency(DefaultListableBeanFactory.java:1337)
	at org.springframework.beans.factory.support.ConstructorResolver.resolveAutowiredArgument(ConstructorResolver.java:888)
	at org.springframework.beans.factory.support.ConstructorResolver.createArgumentArray(ConstructorResolver.java:791)
	at org.springframework.beans.factory.support.ConstructorResolver.autowireConstructor(ConstructorResolver.java:245)
	at org.springframework.beans.factory.support.AbstractAutowireCapableBeanFactory.autowireConstructor(AbstractAutowireCapableBeanFactory.java:1352)
	at org.springframework.beans.factory.support.AbstractAutowireCapableBeanFactory.createBeanInstance(AbstractAutowireCapableBeanFactory.java:1189)
	at org.springframework.beans.factory.support.AbstractAutowireCapableBeanFactory.doCreateBean(AbstractAutowireCapableBeanFactory.java:560)
	at org.springframework.beans.factory.support.AbstractAutowireCapableBeanFactory.createBean(AbstractAutowireCapableBeanFactory.java:520)
	at org.springframework.beans.factory.support.AbstractBeanFactory.lambda$doGetBean$0(AbstractBeanFactory.java:326)
	at org.springframework.beans.factory.support.DefaultSingletonBeanRegistry.getSingleton(DefaultSingletonBeanRegistry.java:234)
	at org.springframework.beans.factory.support.AbstractBeanFactory.doGetBean(AbstractBeanFactory.java:324)
	at org.springframework.beans.factory.support.AbstractBeanFactory.getBean(AbstractBeanFactory.java:200)
	at org.springframework.beans.factory.config.DependencyDescriptor.resolveCandidate(DependencyDescriptor.java:254)
	at org.springframework.beans.factory.support.DefaultListableBeanFactory.doResolveDependency(DefaultListableBeanFactory.java:1417)
	at org.springframework.beans.factory.support.DefaultListableBeanFactory.resolveDependency(DefaultListableBeanFactory.java:1337)
	at org.springframework.beans.factory.support.ConstructorResolver.resolveAutowiredArgument(ConstructorResolver.java:888)
	at org.springframework.beans.factory.support.ConstructorResolver.createArgumentArray(ConstructorResolver.java:791)
	at org.springframework.beans.factory.support.ConstructorResolver.autowireConstructor(ConstructorResolver.java:245)
	at org.springframework.beans.factory.support.AbstractAutowireCapableBeanFactory.autowireConstructor(AbstractAutowireCapableBeanFactory.java:1352)
	at org.springframework.beans.factory.support.AbstractAutowireCapableBeanFactory.createBeanInstance(AbstractAutowireCapableBeanFactory.java:1189)
	at org.springframework.beans.factory.support.AbstractAutowireCapableBeanFactory.doCreateBean(AbstractAutowireCapableBeanFactory.java:560)
	at org.springframework.beans.factory.support.AbstractAutowireCapableBeanFactory.createBean(AbstractAutowireCapableBeanFactory.java:520)
	at org.springframework.beans.factory.support.AbstractBeanFactory.lambda$doGetBean$0(AbstractBeanFactory.java:326)
	at org.springframework.beans.factory.support.DefaultSingletonBeanRegistry.getSingleton(DefaultSingletonBeanRegistry.java:234)
	at org.springframework.beans.factory.support.AbstractBeanFactory.doGetBean(AbstractBeanFactory.java:324)
	at org.springframework.beans.factory.support.AbstractBeanFactory.getBean(AbstractBeanFactory.java:205)
	at org.springframework.boot.web.servlet.ServletContextInitializerBeans.getOrderedBeansOfType(ServletContextInitializerBeans.java:210)
	at org.springframework.boot.web.servlet.ServletContextInitializerBeans.addAsRegistrationBean(ServletContextInitializerBeans.java:173)
	at org.springframework.boot.web.servlet.ServletContextInitializerBeans.addAsRegistrationBean(ServletContextInitializerBeans.java:168)
	at org.springframework.boot.web.servlet.ServletContextInitializerBeans.addAdaptableBeans(ServletContextInitializerBeans.java:153)
	at org.springframework.boot.web.servlet.ServletContextInitializerBeans.<init>(ServletContextInitializerBeans.java:86)
	at org.springframework.boot.web.servlet.context.ServletWebServerApplicationContext.getServletContextInitializerBeans(ServletWebServerApplicationContext.java:261)
	at org.springframework.boot.web.servlet.context.ServletWebServerApplicationContext.selfInitialize(ServletWebServerApplicationContext.java:235)
	at org.springframework.boot.web.embedded.tomcat.TomcatStarter.onStartup(TomcatStarter.java:52)
	at org.apache.catalina.core.StandardContext.startInternal(StandardContext.java:4886)
	at org.apache.catalina.util.LifecycleBase.start(LifecycleBase.java:183)
	at org.apache.catalina.core.ContainerBase$StartChild.call(ContainerBase.java:1328)
	at org.apache.catalina.core.ContainerBase$StartChild.call(ContainerBase.java:1318)
	at java.base/java.util.concurrent.FutureTask.run(FutureTask.java:264)
	at org.apache.tomcat.util.threads.InlineExecutorService.execute(InlineExecutorService.java:75)
	at java.base/java.util.concurrent.AbstractExecutorService.submit(AbstractExecutorService.java:145)
	at org.apache.catalina.core.ContainerBase.startInternal(ContainerBase.java:866)
	at org.apache.catalina.core.StandardHost.startInternal(StandardHost.java:846)
	at org.apache.catalina.util.LifecycleBase.start(LifecycleBase.java:183)
	at org.apache.catalina.core.ContainerBase$StartChild.call(ContainerBase.java:1328)
	at org.apache.catalina.core.ContainerBase$StartChild.call(ContainerBase.java:1318)
	at java.base/java.util.concurrent.FutureTask.run(FutureTask.java:264)
	at org.apache.tomcat.util.threads.InlineExecutorService.execute(InlineExecutorService.java:75)
	at java.base/java.util.concurrent.AbstractExecutorService.submit(AbstractExecutorService.java:145)
	at org.apache.catalina.core.ContainerBase.startInternal(ContainerBase.java:866)
	at org.apache.catalina.core.StandardEngine.startInternal(StandardEngine.java:241)
	at org.apache.catalina.util.LifecycleBase.start(LifecycleBase.java:183)
	at org.apache.catalina.core.StandardService.startInternal(StandardService.java:428)
	at org.apache.catalina.util.LifecycleBase.start(LifecycleBase.java:183)
	at org.apache.catalina.core.StandardServer.startInternal(StandardServer.java:918)
	at org.apache.catalina.util.LifecycleBase.start(LifecycleBase.java:183)
	at org.apache.catalina.startup.Tomcat.start(Tomcat.java:485)
	at org.springframework.boot.web.embedded.tomcat.TomcatWebServer.initialize(TomcatWebServer.java:123)
	at org.springframework.boot.web.embedded.tomcat.TomcatWebServer.<init>(TomcatWebServer.java:104)
	at org.springframework.boot.web.embedded.tomcat.TomcatServletWebServerFactory.getTomcatWebServer(TomcatServletWebServerFactory.java:489)
	at org.springframework.boot.web.embedded.tomcat.TomcatServletWebServerFactory.getWebServer(TomcatServletWebServerFactory.java:211)
	at org.springframework.boot.web.servlet.context.ServletWebServerApplicationContext.createWebServer(ServletWebServerApplicationContext.java:183)
	at org.springframework.boot.web.servlet.context.ServletWebServerApplicationContext.onRefresh(ServletWebServerApplicationContext.java:161)
	at org.springframework.context.support.AbstractApplicationContext.refresh(AbstractApplicationContext.java:602)
	at org.springframework.boot.web.servlet.context.ServletWebServerApplicationContext.refresh(ServletWebServerApplicationContext.java:146)
	at org.springframework.boot.SpringApplication.refresh(SpringApplication.java:734)
	at org.springframework.boot.SpringApplication.refreshContext(SpringApplication.java:436)
	at org.springframework.boot.SpringApplication.run(SpringApplication.java:312)
	at org.springframework.boot.SpringApplication.run(SpringApplication.java:1306)
	at org.springframework.boot.SpringApplication.run(SpringApplication.java:1295)
	at com.ctrlcv.ersentinel_springboot.ErsentinelSpringbootApplication.main(ErsentinelSpringbootApplication.java:16)
Caused by: org.h2.jdbc.JdbcSQLSyntaxErrorException: Syntax error in SQL statement "\000d\000a    create table [*]user (\000d\000a        id integer generated by default as identity,\000d\000a        email varchar(255),\000d\000a        nickname varchar(255),\000d\000a        password varchar(255),\000d\000a        role varchar(255) check (role in ('ADMIN','USER')),\000d\000a        username varchar(255),\000d\000a        primary key (id)\000d\000a    )"; expected "identifier"; SQL statement:

    create table user (
        id integer generated by default as identity,
        email varchar(255),
        nickname varchar(255),
        password varchar(255),
        role varchar(255) check (role in ('ADMIN','USER')),
        username varchar(255),
        primary key (id)
    ) [42001-214]
	at org.h2.message.DbException.getJdbcSQLException(DbException.java:502)
	at org.h2.engine.SessionRemote.readException(SessionRemote.java:637)
	at org.h2.engine.SessionRemote.done(SessionRemote.java:606)
	at org.h2.command.CommandRemote.prepare(CommandRemote.java:78)
	at org.h2.command.CommandRemote.<init>(CommandRemote.java:50)
	at org.h2.engine.SessionRemote.prepareCommand(SessionRemote.java:480)
	at org.h2.jdbc.JdbcConnection.prepareCommand(JdbcConnection.java:1116)
	at org.h2.jdbc.JdbcStatement.executeInternal(JdbcStatement.java:237)
	at org.h2.jdbc.JdbcStatement.execute(JdbcStatement.java:223)
	at com.zaxxer.hikari.pool.ProxyStatement.execute(ProxyStatement.java:94)
	at com.zaxxer.hikari.pool.HikariProxyStatement.execute(HikariProxyStatement.java)
	at org.hibernate.tool.schema.internal.exec.GenerationTargetToDatabase.accept(GenerationTargetToDatabase.java:78)
	... 123 common frames omitted
2024-08-29 14:25:41,915 INFO  c.c.e.component.MariaDBAppender - [MariaDBAppender] append
2024-08-29 14:25:41,916 INFO  c.c.e.component.MariaDBAppender - [getlog]GenerationTarget encountered exception accepting command : Error executing DDL "
    create table user (
        id integer generated by default as identity,
        email varchar(255),
        nickname varchar(255),
        password varchar(255),
        role varchar(255) check (role in ('ADMIN','USER')),
        username varchar(255),
        primary key (id)
    )" via JDBC [Syntax error in SQL statement "\000d\000a    create table [*]user (\000d\000a        id integer generated by default as identity,\000d\000a        email varchar(255),\000d\000a        nickname varchar(255),\000d\000a        password varchar(255),\000d\000a        role varchar(255) check (role in ('ADMIN','USER')),\000d\000a        username varchar(255),\000d\000a        primary key (id)\000d\000a    )"; expected "identifier";]
2024-08-29 14:25:41,950 WARN  o.h.t.s.i.ExceptionHandlerLoggedImpl - GenerationTarget encountered exception accepting command : Error executing DDL "
    alter table if exists survey 
       add constraint FKhwl4rlo5sdliq7c5yimausy39 
       foreign key (userid) 
       references user" via JDBC [Syntax error in SQL statement "\000d\000a    alter table if exists survey \000d\000a       add constraint FKhwl4rlo5sdliq7c5yimausy39 \000d\000a       foreign key (userid) \000d\000a       references [*]user"; expected "identifier";]
org.hibernate.tool.schema.spi.CommandAcceptanceException: Error executing DDL "
    alter table if exists survey 
       add constraint FKhwl4rlo5sdliq7c5yimausy39 
       foreign key (userid) 
       references user" via JDBC [Syntax error in SQL statement "\000d\000a    alter table if exists survey \000d\000a       add constraint FKhwl4rlo5sdliq7c5yimausy39 \000d\000a       foreign key (userid) \000d\000a       references [*]user"; expected "identifier";]
	at org.hibernate.tool.schema.internal.exec.GenerationTargetToDatabase.accept(GenerationTargetToDatabase.java:92)
	at org.hibernate.tool.schema.internal.AbstractSchemaMigrator.applySqlString(AbstractSchemaMigrator.java:574)
	at org.hibernate.tool.schema.internal.AbstractSchemaMigrator.applySqlStrings(AbstractSchemaMigrator.java:514)
	at org.hibernate.tool.schema.internal.AbstractSchemaMigrator.applyForeignKeys(AbstractSchemaMigrator.java:446)
	at org.hibernate.tool.schema.internal.AbstractSchemaMigrator.performMigration(AbstractSchemaMigrator.java:268)
	at org.hibernate.tool.schema.internal.AbstractSchemaMigrator.doMigration(AbstractSchemaMigrator.java:117)
	at org.hibernate.tool.schema.spi.SchemaManagementToolCoordinator.performDatabaseAction(SchemaManagementToolCoordinator.java:284)
	at org.hibernate.tool.schema.spi.SchemaManagementToolCoordinator.lambda$process$5(SchemaManagementToolCoordinator.java:143)
	at java.base/java.util.HashMap.forEach(HashMap.java:1421)
	at org.hibernate.tool.schema.spi.SchemaManagementToolCoordinator.process(SchemaManagementToolCoordinator.java:140)
	at org.hibernate.boot.internal.SessionFactoryObserverForSchemaExport.sessionFactoryCreated(SessionFactoryObserverForSchemaExport.java:37)
	at org.hibernate.internal.SessionFactoryObserverChain.sessionFactoryCreated(SessionFactoryObserverChain.java:35)
	at org.hibernate.internal.SessionFactoryImpl.<init>(SessionFactoryImpl.java:292)
	at org.hibernate.boot.internal.SessionFactoryBuilderImpl.build(SessionFactoryBuilderImpl.java:431)
	at org.hibernate.jpa.boot.internal.EntityManagerFactoryBuilderImpl.build(EntityManagerFactoryBuilderImpl.java:1455)
	at org.springframework.orm.jpa.vendor.SpringHibernateJpaPersistenceProvider.createContainerEntityManagerFactory(SpringHibernateJpaPersistenceProvider.java:75)
	at org.springframework.orm.jpa.LocalContainerEntityManagerFactoryBean.createNativeEntityManagerFactory(LocalContainerEntityManagerFactoryBean.java:376)
	at org.springframework.orm.jpa.AbstractEntityManagerFactoryBean.buildNativeEntityManagerFactory(AbstractEntityManagerFactoryBean.java:409)
	at org.springframework.orm.jpa.AbstractEntityManagerFactoryBean.afterPropertiesSet(AbstractEntityManagerFactoryBean.java:396)
	at org.springframework.orm.jpa.LocalContainerEntityManagerFactoryBean.afterPropertiesSet(LocalContainerEntityManagerFactoryBean.java:352)
	at org.springframework.beans.factory.support.AbstractAutowireCapableBeanFactory.invokeInitMethods(AbstractAutowireCapableBeanFactory.java:1817)
	at org.springframework.beans.factory.support.AbstractAutowireCapableBeanFactory.initializeBean(AbstractAutowireCapableBeanFactory.java:1766)
	at org.springframework.beans.factory.support.AbstractAutowireCapableBeanFactory.doCreateBean(AbstractAutowireCapableBeanFactory.java:598)
	at org.springframework.beans.factory.support.AbstractAutowireCapableBeanFactory.createBean(AbstractAutowireCapableBeanFactory.java:520)
	at org.springframework.beans.factory.support.AbstractBeanFactory.lambda$doGetBean$0(AbstractBeanFactory.java:326)
	at org.springframework.beans.factory.support.DefaultSingletonBeanRegistry.getSingleton(DefaultSingletonBeanRegistry.java:234)
	at org.springframework.beans.factory.support.AbstractBeanFactory.doGetBean(AbstractBeanFactory.java:324)
	at org.springframework.beans.factory.support.AbstractBeanFactory.getBean(AbstractBeanFactory.java:200)
	at org.springframework.beans.factory.support.BeanDefinitionValueResolver.resolveReference(BeanDefinitionValueResolver.java:365)
	at org.springframework.beans.factory.support.BeanDefinitionValueResolver.resolveValueIfNecessary(BeanDefinitionValueResolver.java:135)
	at org.springframework.beans.factory.support.ConstructorResolver.resolveConstructorArguments(ConstructorResolver.java:693)
	at org.springframework.beans.factory.support.ConstructorResolver.instantiateUsingFactoryMethod(ConstructorResolver.java:517)
	at org.springframework.beans.factory.support.AbstractAutowireCapableBeanFactory.instantiateUsingFactoryMethod(AbstractAutowireCapableBeanFactory.java:1332)
	at org.springframework.beans.factory.support.AbstractAutowireCapableBeanFactory.createBeanInstance(AbstractAutowireCapableBeanFactory.java:1162)
	at org.springframework.beans.factory.support.AbstractAutowireCapableBeanFactory.doCreateBean(AbstractAutowireCapableBeanFactory.java:560)
	at org.springframework.beans.factory.support.AbstractAutowireCapableBeanFactory.createBean(AbstractAutowireCapableBeanFactory.java:520)
	at org.springframework.beans.factory.support.AbstractBeanFactory.lambda$doGetBean$0(AbstractBeanFactory.java:326)
	at org.springframework.beans.factory.support.DefaultSingletonBeanRegistry.getSingleton(DefaultSingletonBeanRegistry.java:234)
	at org.springframework.beans.factory.support.AbstractBeanFactory.doGetBean(AbstractBeanFactory.java:324)
	at org.springframework.beans.factory.support.AbstractBeanFactory.getBean(AbstractBeanFactory.java:200)
	at org.springframework.beans.factory.support.BeanDefinitionValueResolver.resolveReference(BeanDefinitionValueResolver.java:365)
	at org.springframework.beans.factory.support.BeanDefinitionValueResolver.resolveValueIfNecessary(BeanDefinitionValueResolver.java:135)
	at org.springframework.beans.factory.support.AbstractAutowireCapableBeanFactory.applyPropertyValues(AbstractAutowireCapableBeanFactory.java:1682)
	at org.springframework.beans.factory.support.AbstractAutowireCapableBeanFactory.populateBean(AbstractAutowireCapableBeanFactory.java:1431)
	at org.springframework.beans.factory.support.AbstractAutowireCapableBeanFactory.doCreateBean(AbstractAutowireCapableBeanFactory.java:597)
	at org.springframework.beans.factory.support.AbstractAutowireCapableBeanFactory.createBean(AbstractAutowireCapableBeanFactory.java:520)
	at org.springframework.beans.factory.support.AbstractBeanFactory.lambda$doGetBean$0(AbstractBeanFactory.java:326)
	at org.springframework.beans.factory.support.DefaultSingletonBeanRegistry.getSingleton(DefaultSingletonBeanRegistry.java:234)
	at org.springframework.beans.factory.support.AbstractBeanFactory.doGetBean(AbstractBeanFactory.java:324)
	at org.springframework.beans.factory.support.AbstractBeanFactory.getBean(AbstractBeanFactory.java:200)
	at org.springframework.beans.factory.config.DependencyDescriptor.resolveCandidate(DependencyDescriptor.java:254)
	at org.springframework.beans.factory.support.DefaultListableBeanFactory.doResolveDependency(DefaultListableBeanFactory.java:1417)
	at org.springframework.beans.factory.support.DefaultListableBeanFactory.resolveDependency(DefaultListableBeanFactory.java:1337)
	at org.springframework.beans.factory.support.ConstructorResolver.resolveAutowiredArgument(ConstructorResolver.java:888)
	at org.springframework.beans.factory.support.ConstructorResolver.createArgumentArray(ConstructorResolver.java:791)
	at org.springframework.beans.factory.support.ConstructorResolver.autowireConstructor(ConstructorResolver.java:245)
	at org.springframework.beans.factory.support.AbstractAutowireCapableBeanFactory.autowireConstructor(AbstractAutowireCapableBeanFactory.java:1352)
	at org.springframework.beans.factory.support.AbstractAutowireCapableBeanFactory.createBeanInstance(AbstractAutowireCapableBeanFactory.java:1189)
	at org.springframework.beans.factory.support.AbstractAutowireCapableBeanFactory.doCreateBean(AbstractAutowireCapableBeanFactory.java:560)
	at org.springframework.beans.factory.support.AbstractAutowireCapableBeanFactory.createBean(AbstractAutowireCapableBeanFactory.java:520)
	at org.springframework.beans.factory.support.AbstractBeanFactory.lambda$doGetBean$0(AbstractBeanFactory.java:326)
	at org.springframework.beans.factory.support.DefaultSingletonBeanRegistry.getSingleton(DefaultSingletonBeanRegistry.java:234)
	at org.springframework.beans.factory.support.AbstractBeanFactory.doGetBean(AbstractBeanFactory.java:324)
	at org.springframework.beans.factory.support.AbstractBeanFactory.getBean(AbstractBeanFactory.java:200)
	at org.springframework.beans.factory.config.DependencyDescriptor.resolveCandidate(DependencyDescriptor.java:254)
	at org.springframework.beans.factory.support.DefaultListableBeanFactory.doResolveDependency(DefaultListableBeanFactory.java:1417)
	at org.springframework.beans.factory.support.DefaultListableBeanFactory.resolveDependency(DefaultListableBeanFactory.java:1337)
	at org.springframework.beans.factory.support.ConstructorResolver.resolveAutowiredArgument(ConstructorResolver.java:888)
	at org.springframework.beans.factory.support.ConstructorResolver.createArgumentArray(ConstructorResolver.java:791)
	at org.springframework.beans.factory.support.ConstructorResolver.autowireConstructor(ConstructorResolver.java:245)
	at org.springframework.beans.factory.support.AbstractAutowireCapableBeanFactory.autowireConstructor(AbstractAutowireCapableBeanFactory.java:1352)
	at org.springframework.beans.factory.support.AbstractAutowireCapableBeanFactory.createBeanInstance(AbstractAutowireCapableBeanFactory.java:1189)
	at org.springframework.beans.factory.support.AbstractAutowireCapableBeanFactory.doCreateBean(AbstractAutowireCapableBeanFactory.java:560)
	at org.springframework.beans.factory.support.AbstractAutowireCapableBeanFactory.createBean(AbstractAutowireCapableBeanFactory.java:520)
	at org.springframework.beans.factory.support.AbstractBeanFactory.lambda$doGetBean$0(AbstractBeanFactory.java:326)
	at org.springframework.beans.factory.support.DefaultSingletonBeanRegistry.getSingleton(DefaultSingletonBeanRegistry.java:234)
	at org.springframework.beans.factory.support.AbstractBeanFactory.doGetBean(AbstractBeanFactory.java:324)
	at org.springframework.beans.factory.support.AbstractBeanFactory.getBean(AbstractBeanFactory.java:205)
	at org.springframework.boot.web.servlet.ServletContextInitializerBeans.getOrderedBeansOfType(ServletContextInitializerBeans.java:210)
	at org.springframework.boot.web.servlet.ServletContextInitializerBeans.addAsRegistrationBean(ServletContextInitializerBeans.java:173)
	at org.springframework.boot.web.servlet.ServletContextInitializerBeans.addAsRegistrationBean(ServletContextInitializerBeans.java:168)
	at org.springframework.boot.web.servlet.ServletContextInitializerBeans.addAdaptableBeans(ServletContextInitializerBeans.java:153)
	at org.springframework.boot.web.servlet.ServletContextInitializerBeans.<init>(ServletContextInitializerBeans.java:86)
	at org.springframework.boot.web.servlet.context.ServletWebServerApplicationContext.getServletContextInitializerBeans(ServletWebServerApplicationContext.java:261)
	at org.springframework.boot.web.servlet.context.ServletWebServerApplicationContext.selfInitialize(ServletWebServerApplicationContext.java:235)
	at org.springframework.boot.web.embedded.tomcat.TomcatStarter.onStartup(TomcatStarter.java:52)
	at org.apache.catalina.core.StandardContext.startInternal(StandardContext.java:4886)
	at org.apache.catalina.util.LifecycleBase.start(LifecycleBase.java:183)
	at org.apache.catalina.core.ContainerBase$StartChild.call(ContainerBase.java:1328)
	at org.apache.catalina.core.ContainerBase$StartChild.call(ContainerBase.java:1318)
	at java.base/java.util.concurrent.FutureTask.run(FutureTask.java:264)
	at org.apache.tomcat.util.threads.InlineExecutorService.execute(InlineExecutorService.java:75)
	at java.base/java.util.concurrent.AbstractExecutorService.submit(AbstractExecutorService.java:145)
	at org.apache.catalina.core.ContainerBase.startInternal(ContainerBase.java:866)
	at org.apache.catalina.core.StandardHost.startInternal(StandardHost.java:846)
	at org.apache.catalina.util.LifecycleBase.start(LifecycleBase.java:183)
	at org.apache.catalina.core.ContainerBase$StartChild.call(ContainerBase.java:1328)
	at org.apache.catalina.core.ContainerBase$StartChild.call(ContainerBase.java:1318)
	at java.base/java.util.concurrent.FutureTask.run(FutureTask.java:264)
	at org.apache.tomcat.util.threads.InlineExecutorService.execute(InlineExecutorService.java:75)
	at java.base/java.util.concurrent.AbstractExecutorService.submit(AbstractExecutorService.java:145)
	at org.apache.catalina.core.ContainerBase.startInternal(ContainerBase.java:866)
	at org.apache.catalina.core.StandardEngine.startInternal(StandardEngine.java:241)
	at org.apache.catalina.util.LifecycleBase.start(LifecycleBase.java:183)
	at org.apache.catalina.core.StandardService.startInternal(StandardService.java:428)
	at org.apache.catalina.util.LifecycleBase.start(LifecycleBase.java:183)
	at org.apache.catalina.core.StandardServer.startInternal(StandardServer.java:918)
	at org.apache.catalina.util.LifecycleBase.start(LifecycleBase.java:183)
	at org.apache.catalina.startup.Tomcat.start(Tomcat.java:485)
	at org.springframework.boot.web.embedded.tomcat.TomcatWebServer.initialize(TomcatWebServer.java:123)
	at org.springframework.boot.web.embedded.tomcat.TomcatWebServer.<init>(TomcatWebServer.java:104)
	at org.springframework.boot.web.embedded.tomcat.TomcatServletWebServerFactory.getTomcatWebServer(TomcatServletWebServerFactory.java:489)
	at org.springframework.boot.web.embedded.tomcat.TomcatServletWebServerFactory.getWebServer(TomcatServletWebServerFactory.java:211)
	at org.springframework.boot.web.servlet.context.ServletWebServerApplicationContext.createWebServer(ServletWebServerApplicationContext.java:183)
	at org.springframework.boot.web.servlet.context.ServletWebServerApplicationContext.onRefresh(ServletWebServerApplicationContext.java:161)
	at org.springframework.context.support.AbstractApplicationContext.refresh(AbstractApplicationContext.java:602)
	at org.springframework.boot.web.servlet.context.ServletWebServerApplicationContext.refresh(ServletWebServerApplicationContext.java:146)
	at org.springframework.boot.SpringApplication.refresh(SpringApplication.java:734)
	at org.springframework.boot.SpringApplication.refreshContext(SpringApplication.java:436)
	at org.springframework.boot.SpringApplication.run(SpringApplication.java:312)
	at org.springframework.boot.SpringApplication.run(SpringApplication.java:1306)
	at org.springframework.boot.SpringApplication.run(SpringApplication.java:1295)
	at com.ctrlcv.ersentinel_springboot.ErsentinelSpringbootApplication.main(ErsentinelSpringbootApplication.java:16)
Caused by: org.h2.jdbc.JdbcSQLSyntaxErrorException: Syntax error in SQL statement "\000d\000a    alter table if exists survey \000d\000a       add constraint FKhwl4rlo5sdliq7c5yimausy39 \000d\000a       foreign key (userid) \000d\000a       references [*]user"; expected "identifier"; SQL statement:

    alter table if exists survey 
       add constraint FKhwl4rlo5sdliq7c5yimausy39 
       foreign key (userid) 
       references user [42001-214]
	at org.h2.message.DbException.getJdbcSQLException(DbException.java:502)
	at org.h2.engine.SessionRemote.readException(SessionRemote.java:637)
	at org.h2.engine.SessionRemote.done(SessionRemote.java:606)
	at org.h2.command.CommandRemote.prepare(CommandRemote.java:78)
	at org.h2.command.CommandRemote.<init>(CommandRemote.java:50)
	at org.h2.engine.SessionRemote.prepareCommand(SessionRemote.java:480)
	at org.h2.jdbc.JdbcConnection.prepareCommand(JdbcConnection.java:1116)
	at org.h2.jdbc.JdbcStatement.executeInternal(JdbcStatement.java:237)
	at org.h2.jdbc.JdbcStatement.execute(JdbcStatement.java:223)
	at com.zaxxer.hikari.pool.ProxyStatement.execute(ProxyStatement.java:94)
	at com.zaxxer.hikari.pool.HikariProxyStatement.execute(HikariProxyStatement.java)
	at org.hibernate.tool.schema.internal.exec.GenerationTargetToDatabase.accept(GenerationTargetToDatabase.java:78)
	... 122 common frames omitted
2024-08-29 14:25:41,952 INFO  c.c.e.component.MariaDBAppender - [MariaDBAppender] append
2024-08-29 14:25:41,952 INFO  c.c.e.component.MariaDBAppender - [getlog]GenerationTarget encountered exception accepting command : Error executing DDL "
    alter table if exists survey 
       add constraint FKhwl4rlo5sdliq7c5yimausy39 
       foreign key (userid) 
       references user" via JDBC [Syntax error in SQL statement "\000d\000a    alter table if exists survey \000d\000a       add constraint FKhwl4rlo5sdliq7c5yimausy39 \000d\000a       foreign key (userid) \000d\000a       references [*]user"; expected "identifier";]
2024-08-29 14:25:41,956 INFO  o.s.o.j.LocalContainerEntityManagerFactoryBean - Initialized JPA EntityManagerFactory for persistence unit 'default'
2024-08-29 14:25:41,956 INFO  c.c.e.component.MariaDBAppender - [MariaDBAppender] append
2024-08-29 14:25:41,956 INFO  c.c.e.component.MariaDBAppender - [getlog]Initialized JPA EntityManagerFactory for persistence unit 'default'
2024-08-29 14:25:42,401 INFO  c.c.e.component.MariaDBAppender - [MariaDBAppender] set log
2024-08-29 14:25:42,401 INFO  c.c.e.component.MariaDBAppender - [MariaDBAppender] append
2024-08-29 14:25:42,401 INFO  c.c.e.component.MariaDBAppender - [getlog][MariaDBAppender] set log
2024-08-29 14:25:42,891 INFO  o.s.d.j.r.q.QueryEnhancerFactory - Hibernate is in classpath; If applicable, HQL parser will be used.
2024-08-29 14:25:42,891 INFO  c.c.e.component.MariaDBAppender - [MariaDBAppender] append
2024-08-29 14:25:42,891 INFO  c.c.e.component.MariaDBAppender - [getlog]Hibernate is in classpath; If applicable, HQL parser will be used.
2024-08-29 14:25:43,356 INFO  c.c.e.config.CorsConfig - ===== CorsFilter 적용 =====
2024-08-29 14:25:43,357 INFO  c.c.e.component.MariaDBAppender - [MariaDBAppender] append
2024-08-29 14:25:43,358 INFO  c.c.e.component.MariaDBAppender - [getlog]===== CorsFilter 적용 =====
2024-08-29 14:25:43,415 WARN  o.s.b.a.o.j.JpaBaseConfiguration$JpaWebConfiguration - spring.jpa.open-in-view is enabled by default. Therefore, database queries may be performed during view rendering. Explicitly configure spring.jpa.open-in-view to disable this warning
2024-08-29 14:25:43,416 INFO  c.c.e.component.MariaDBAppender - [MariaDBAppender] append
2024-08-29 14:25:43,416 INFO  c.c.e.component.MariaDBAppender - [getlog]spring.jpa.open-in-view is enabled by default. Therefore, database queries may be performed during view rendering. Explicitly configure spring.jpa.open-in-view to disable this warning
2024-08-29 14:25:43,543 INFO  o.s.s.w.DefaultSecurityFilterChain - Will secure any request with [org.springframework.security.web.session.DisableEncodeUrlFilter@21ad0060, org.springframework.security.web.context.request.async.WebAsyncManagerIntegrationFilter@5233b7ad, org.springframework.security.web.context.SecurityContextHolderFilter@219c32e3, org.springframework.security.web.header.HeaderWriterFilter@4e6f3d08, org.springframework.web.filter.CorsFilter@354d5692, org.springframework.security.web.authentication.logout.LogoutFilter@5c943847, org.springframework.security.oauth2.client.web.OAuth2AuthorizationRequestRedirectFilter@4a282c78, org.springframework.security.oauth2.client.web.OAuth2LoginAuthenticationFilter@2700609f, com.ctrlcv.ersentinel_springboot.config.jwt.JWTTokenAuthenticationFilter@396f3bf2, org.springframework.security.web.authentication.UsernamePasswordAuthenticationFilter@6acedf54, org.springframework.security.web.savedrequest.RequestCacheAwareFilter@19158d56, org.springframework.security.web.servletapi.SecurityContextHolderAwareRequestFilter@5b6b5888, org.springframework.security.web.authentication.AnonymousAuthenticationFilter@5c4f07c1, org.springframework.security.web.session.SessionManagementFilter@18f6ccf4, org.springframework.security.web.access.ExceptionTranslationFilter@3760f3e8]
2024-08-29 14:25:43,543 INFO  c.c.e.component.MariaDBAppender - [MariaDBAppender] append
2024-08-29 14:25:43,543 INFO  c.c.e.component.MariaDBAppender - [getlog]Will secure any request with [org.springframework.security.web.session.DisableEncodeUrlFilter@21ad0060, org.springframework.security.web.context.request.async.WebAsyncManagerIntegrationFilter@5233b7ad, org.springframework.security.web.context.SecurityContextHolderFilter@219c32e3, org.springframework.security.web.header.HeaderWriterFilter@4e6f3d08, org.springframework.web.filter.CorsFilter@354d5692, org.springframework.security.web.authentication.logout.LogoutFilter@5c943847, org.springframework.security.oauth2.client.web.OAuth2AuthorizationRequestRedirectFilter@4a282c78, org.springframework.security.oauth2.client.web.OAuth2LoginAuthenticationFilter@2700609f, com.ctrlcv.ersentinel_springboot.config.jwt.JWTTokenAuthenticationFilter@396f3bf2, org.springframework.security.web.authentication.UsernamePasswordAuthenticationFilter@6acedf54, org.springframework.security.web.savedrequest.RequestCacheAwareFilter@19158d56, org.springframework.security.web.servletapi.SecurityContextHolderAwareRequestFilter@5b6b5888, org.springframework.security.web.authentication.AnonymousAuthenticationFilter@5c4f07c1, org.springframework.security.web.session.SessionManagementFilter@18f6ccf4, org.springframework.security.web.access.ExceptionTranslationFilter@3760f3e8]
2024-08-29 14:25:43,943 INFO  o.a.coyote.http11.Http11NioProtocol - Starting ProtocolHandler ["http-nio-8080"]
2024-08-29 14:25:43,944 INFO  c.c.e.component.MariaDBAppender - [MariaDBAppender] append
2024-08-29 14:25:43,944 INFO  c.c.e.component.MariaDBAppender - [getlog]Starting ProtocolHandler ["http-nio-8080"]
2024-08-29 14:25:43,946 WARN  o.s.b.w.s.c.AnnotationConfigServletWebServerApplicationContext - Exception encountered during context initialization - cancelling refresh attempt: org.springframework.context.ApplicationContextException: Failed to start bean 'webServerStartStop'
2024-08-29 14:25:43,946 INFO  c.c.e.component.MariaDBAppender - [MariaDBAppender] append
2024-08-29 14:25:43,946 INFO  c.c.e.component.MariaDBAppender - [getlog]Exception encountered during context initialization - cancelling refresh attempt: org.springframework.context.ApplicationContextException: Failed to start bean 'webServerStartStop'
2024-08-29 14:25:44,078 INFO  o.s.o.j.LocalContainerEntityManagerFactoryBean - Closing JPA EntityManagerFactory for persistence unit 'default'
2024-08-29 14:25:44,078 INFO  c.c.e.component.MariaDBAppender - [MariaDBAppender] append
2024-08-29 14:25:44,078 INFO  c.c.e.component.MariaDBAppender - [getlog]Closing JPA EntityManagerFactory for persistence unit 'default'
2024-08-29 14:25:44,081 INFO  com.zaxxer.hikari.HikariDataSource - HikariPool-1 - Shutdown initiated...
2024-08-29 14:25:44,081 INFO  c.c.e.component.MariaDBAppender - [MariaDBAppender] append
2024-08-29 14:25:44,081 INFO  c.c.e.component.MariaDBAppender - [getlog]HikariPool-1 - Shutdown initiated...
2024-08-29 14:25:44,090 INFO  com.zaxxer.hikari.HikariDataSource - HikariPool-1 - Shutdown completed.
2024-08-29 14:25:44,090 INFO  c.c.e.component.MariaDBAppender - [MariaDBAppender] append
2024-08-29 14:25:44,090 INFO  c.c.e.component.MariaDBAppender - [getlog]HikariPool-1 - Shutdown completed.
2024-08-29 14:25:44,091 INFO  o.a.coyote.http11.Http11NioProtocol - Pausing ProtocolHandler ["http-nio-8080"]
2024-08-29 14:25:44,092 INFO  c.c.e.component.MariaDBAppender - [MariaDBAppender] append
2024-08-29 14:25:44,092 INFO  c.c.e.component.MariaDBAppender - [getlog]Pausing ProtocolHandler ["http-nio-8080"]
2024-08-29 14:25:44,092 INFO  o.a.catalina.core.StandardService - Stopping service [Tomcat]
2024-08-29 14:25:44,092 INFO  c.c.e.component.MariaDBAppender - [MariaDBAppender] append
2024-08-29 14:25:44,092 INFO  c.c.e.component.MariaDBAppender - [getlog]Stopping service [Tomcat]
2024-08-29 14:25:44,096 INFO  o.a.coyote.http11.Http11NioProtocol - Stopping ProtocolHandler ["http-nio-8080"]
2024-08-29 14:25:44,096 INFO  c.c.e.component.MariaDBAppender - [MariaDBAppender] append
2024-08-29 14:25:44,096 INFO  c.c.e.component.MariaDBAppender - [getlog]Stopping ProtocolHandler ["http-nio-8080"]
2024-08-29 14:25:44,097 INFO  o.a.coyote.http11.Http11NioProtocol - Destroying ProtocolHandler ["http-nio-8080"]
2024-08-29 14:25:44,097 INFO  c.c.e.component.MariaDBAppender - [MariaDBAppender] append
2024-08-29 14:25:44,097 INFO  c.c.e.component.MariaDBAppender - [getlog]Destroying ProtocolHandler ["http-nio-8080"]
2024-08-29 14:25:44,104 INFO  o.s.b.a.l.ConditionEvaluationReportLogger - 

Error starting ApplicationContext. To display the condition evaluation report re-run your application with 'debug' enabled.
2024-08-29 14:25:44,104 INFO  c.c.e.component.MariaDBAppender - [MariaDBAppender] append
2024-08-29 14:25:44,104 INFO  c.c.e.component.MariaDBAppender - [getlog]

Error starting ApplicationContext. To display the condition evaluation report re-run your application with 'debug' enabled.
2024-08-29 14:25:44,121 ERROR o.s.b.d.LoggingFailureAnalysisReporter - 

***************************
APPLICATION FAILED TO START
***************************

Description:

Web server failed to start. Port 8080 was already in use.

Action:

Identify and stop the process that's listening on port 8080 or configure this application to listen on another port.

2024-08-29 14:25:44,121 INFO  c.c.e.component.MariaDBAppender - [MariaDBAppender] append
2024-08-29 14:25:44,121 INFO  c.c.e.component.MariaDBAppender - [getlog]

***************************
APPLICATION FAILED TO START
***************************

Description:

Web server failed to start. Port 8080 was already in use.

Action:

Identify and stop the process that's listening on port 8080 or configure this application to listen on another port.

2024-08-29 14:25:58,930 INFO  c.c.e.ErsentinelSpringbootApplication - Starting ErsentinelSpringbootApplication using Java 17.0.6 with PID 32104 (D:\OneDrive - dgu.ac.kr\바탕 화면\공부\Spring\ER_SENTINEL_CtrlCV\ersentinel_springboot\build\classes\java\main started by ei456 in D:\OneDrive - dgu.ac.kr\바탕 화면\공부\Spring\ER_SENTINEL_CtrlCV\ersentinel_springboot)
2024-08-29 14:25:58,932 INFO  c.c.e.component.MariaDBAppender - [MariaDBAppender] append
2024-08-29 14:25:58,934 INFO  c.c.e.component.MariaDBAppender - [getlog]Starting ErsentinelSpringbootApplication using Java 17.0.6 with PID 32104 (D:\OneDrive - dgu.ac.kr\바탕 화면\공부\Spring\ER_SENTINEL_CtrlCV\ersentinel_springboot\build\classes\java\main started by ei456 in D:\OneDrive - dgu.ac.kr\바탕 화면\공부\Spring\ER_SENTINEL_CtrlCV\ersentinel_springboot)
2024-08-29 14:25:58,936 INFO  c.c.e.ErsentinelSpringbootApplication - No active profile set, falling back to 1 default profile: "default"
2024-08-29 14:25:58,936 INFO  c.c.e.component.MariaDBAppender - [MariaDBAppender] append
2024-08-29 14:25:58,936 INFO  c.c.e.component.MariaDBAppender - [getlog]No active profile set, falling back to 1 default profile: "default"
2024-08-29 14:26:00,022 INFO  o.s.d.r.c.RepositoryConfigurationDelegate - Multiple Spring Data modules found, entering strict repository configuration mode
2024-08-29 14:26:00,022 INFO  c.c.e.component.MariaDBAppender - [MariaDBAppender] append
2024-08-29 14:26:00,022 INFO  c.c.e.component.MariaDBAppender - [getlog]Multiple Spring Data modules found, entering strict repository configuration mode
2024-08-29 14:26:00,024 INFO  o.s.d.r.c.RepositoryConfigurationDelegate - Bootstrapping Spring Data JPA repositories in DEFAULT mode.
2024-08-29 14:26:00,025 INFO  c.c.e.component.MariaDBAppender - [MariaDBAppender] append
2024-08-29 14:26:00,025 INFO  c.c.e.component.MariaDBAppender - [getlog]Bootstrapping Spring Data JPA repositories in DEFAULT mode.
2024-08-29 14:26:00,239 INFO  o.s.d.r.c.RepositoryConfigurationDelegate - Finished Spring Data repository scanning in 205 ms. Found 8 JPA repository interfaces.
2024-08-29 14:26:00,239 INFO  c.c.e.component.MariaDBAppender - [MariaDBAppender] append
2024-08-29 14:26:00,239 INFO  c.c.e.component.MariaDBAppender - [getlog]Finished Spring Data repository scanning in 205 ms. Found 8 JPA repository interfaces.
2024-08-29 14:26:00,889 INFO  o.s.b.w.e.tomcat.TomcatWebServer - Tomcat initialized with port(s): 8080 (http)
2024-08-29 14:26:00,889 INFO  c.c.e.component.MariaDBAppender - [MariaDBAppender] append
2024-08-29 14:26:00,889 INFO  c.c.e.component.MariaDBAppender - [getlog]Tomcat initialized with port(s): 8080 (http)
2024-08-29 14:26:00,900 INFO  o.a.coyote.http11.Http11NioProtocol - Initializing ProtocolHandler ["http-nio-8080"]
2024-08-29 14:26:00,901 INFO  c.c.e.component.MariaDBAppender - [MariaDBAppender] append
2024-08-29 14:26:00,901 INFO  c.c.e.component.MariaDBAppender - [getlog]Initializing ProtocolHandler ["http-nio-8080"]
2024-08-29 14:26:00,903 INFO  o.a.catalina.core.StandardService - Starting service [Tomcat]
2024-08-29 14:26:00,904 INFO  c.c.e.component.MariaDBAppender - [MariaDBAppender] append
2024-08-29 14:26:00,904 INFO  c.c.e.component.MariaDBAppender - [getlog]Starting service [Tomcat]
2024-08-29 14:26:00,904 INFO  o.a.catalina.core.StandardEngine - Starting Servlet engine: [Apache Tomcat/10.1.11]
2024-08-29 14:26:00,904 INFO  c.c.e.component.MariaDBAppender - [MariaDBAppender] append
2024-08-29 14:26:00,904 INFO  c.c.e.component.MariaDBAppender - [getlog]Starting Servlet engine: [Apache Tomcat/10.1.11]
2024-08-29 14:26:01,023 INFO  o.a.c.c.C.[Tomcat].[localhost].[/] - Initializing Spring embedded WebApplicationContext
2024-08-29 14:26:01,023 INFO  c.c.e.component.MariaDBAppender - [MariaDBAppender] append
2024-08-29 14:26:01,023 INFO  c.c.e.component.MariaDBAppender - [getlog]Initializing Spring embedded WebApplicationContext
2024-08-29 14:26:01,023 INFO  o.s.b.w.s.c.ServletWebServerApplicationContext - Root WebApplicationContext: initialization completed in 2036 ms
2024-08-29 14:26:01,023 INFO  c.c.e.component.MariaDBAppender - [MariaDBAppender] append
2024-08-29 14:26:01,023 INFO  c.c.e.component.MariaDBAppender - [getlog]Root WebApplicationContext: initialization completed in 2036 ms
2024-08-29 14:26:01,182 INFO  o.h.jpa.internal.util.LogHelper - HHH000204: Processing PersistenceUnitInfo [name: default]
2024-08-29 14:26:01,184 INFO  c.c.e.component.MariaDBAppender - [MariaDBAppender] append
2024-08-29 14:26:01,184 INFO  c.c.e.component.MariaDBAppender - [getlog]HHH000204: Processing PersistenceUnitInfo [name: default]
2024-08-29 14:26:01,241 INFO  org.hibernate.Version - HHH000412: Hibernate ORM core version 6.2.6.Final
2024-08-29 14:26:01,241 INFO  c.c.e.component.MariaDBAppender - [MariaDBAppender] append
2024-08-29 14:26:01,241 INFO  c.c.e.component.MariaDBAppender - [getlog]HHH000412: Hibernate ORM core version 6.2.6.Final
2024-08-29 14:26:01,244 INFO  org.hibernate.cfg.Environment - HHH000406: Using bytecode reflection optimizer
2024-08-29 14:26:01,245 INFO  c.c.e.component.MariaDBAppender - [MariaDBAppender] append
2024-08-29 14:26:01,245 INFO  c.c.e.component.MariaDBAppender - [getlog]HHH000406: Using bytecode reflection optimizer
2024-08-29 14:26:01,403 INFO  o.h.b.i.BytecodeProviderInitiator - HHH000021: Bytecode provider name : bytebuddy
2024-08-29 14:26:01,404 INFO  c.c.e.component.MariaDBAppender - [MariaDBAppender] append
2024-08-29 14:26:01,404 INFO  c.c.e.component.MariaDBAppender - [getlog]HHH000021: Bytecode provider name : bytebuddy
2024-08-29 14:26:01,556 INFO  o.s.o.j.p.SpringPersistenceUnitInfo - No LoadTimeWeaver setup: ignoring JPA class transformer
2024-08-29 14:26:01,556 INFO  c.c.e.component.MariaDBAppender - [MariaDBAppender] append
2024-08-29 14:26:01,556 INFO  c.c.e.component.MariaDBAppender - [getlog]No LoadTimeWeaver setup: ignoring JPA class transformer
2024-08-29 14:26:01,572 INFO  com.zaxxer.hikari.HikariDataSource - HikariPool-1 - Starting...
2024-08-29 14:26:01,573 INFO  c.c.e.component.MariaDBAppender - [MariaDBAppender] append
2024-08-29 14:26:01,573 INFO  c.c.e.component.MariaDBAppender - [getlog]HikariPool-1 - Starting...
2024-08-29 14:26:01,670 INFO  com.zaxxer.hikari.pool.HikariPool - HikariPool-1 - Added connection conn0: url=jdbc:h2:tcp://localhost/~/test user=SA
2024-08-29 14:26:01,670 INFO  c.c.e.component.MariaDBAppender - [MariaDBAppender] append
2024-08-29 14:26:01,670 INFO  c.c.e.component.MariaDBAppender - [getlog]HikariPool-1 - Added connection conn0: url=jdbc:h2:tcp://localhost/~/test user=SA
2024-08-29 14:26:01,673 INFO  com.zaxxer.hikari.HikariDataSource - HikariPool-1 - Start completed.
2024-08-29 14:26:01,673 INFO  c.c.e.component.MariaDBAppender - [MariaDBAppender] append
2024-08-29 14:26:01,673 INFO  c.c.e.component.MariaDBAppender - [getlog]HikariPool-1 - Start completed.
2024-08-29 14:26:02,010 INFO  o.h.b.i.BytecodeProviderInitiator - HHH000021: Bytecode provider name : bytebuddy
2024-08-29 14:26:02,011 INFO  c.c.e.component.MariaDBAppender - [MariaDBAppender] append
2024-08-29 14:26:02,011 INFO  c.c.e.component.MariaDBAppender - [getlog]HHH000021: Bytecode provider name : bytebuddy
2024-08-29 14:26:02,830 INFO  o.h.e.t.j.p.i.JtaPlatformInitiator - HHH000490: Using JtaPlatform implementation: [org.hibernate.engine.transaction.jta.platform.internal.NoJtaPlatform]
2024-08-29 14:26:02,830 INFO  c.c.e.component.MariaDBAppender - [MariaDBAppender] append
2024-08-29 14:26:02,830 INFO  c.c.e.component.MariaDBAppender - [getlog]HHH000490: Using JtaPlatform implementation: [org.hibernate.engine.transaction.jta.platform.internal.NoJtaPlatform]
2024-08-29 14:26:02,901 WARN  o.h.t.s.i.ExceptionHandlerLoggedImpl - GenerationTarget encountered exception accepting command : Error executing DDL "
    alter table if exists hospital
       add column duty_id varchar(255) not null" via JDBC [NULL not allowed for column "DUTY_ID";]
org.hibernate.tool.schema.spi.CommandAcceptanceException: Error executing DDL "
    alter table if exists hospital
       add column duty_id varchar(255) not null" via JDBC [NULL not allowed for column "DUTY_ID";]
	at org.hibernate.tool.schema.internal.exec.GenerationTargetToDatabase.accept(GenerationTargetToDatabase.java:92)
	at org.hibernate.tool.schema.internal.AbstractSchemaMigrator.applySqlString(AbstractSchemaMigrator.java:574)
	at org.hibernate.tool.schema.internal.AbstractSchemaMigrator.applySqlStrings(AbstractSchemaMigrator.java:514)
	at org.hibernate.tool.schema.internal.AbstractSchemaMigrator.migrateTable(AbstractSchemaMigrator.java:333)
	at org.hibernate.tool.schema.internal.GroupedSchemaMigratorImpl.performTablesMigration(GroupedSchemaMigratorImpl.java:84)
	at org.hibernate.tool.schema.internal.AbstractSchemaMigrator.performMigration(AbstractSchemaMigrator.java:232)
	at org.hibernate.tool.schema.internal.AbstractSchemaMigrator.doMigration(AbstractSchemaMigrator.java:117)
	at org.hibernate.tool.schema.spi.SchemaManagementToolCoordinator.performDatabaseAction(SchemaManagementToolCoordinator.java:284)
	at org.hibernate.tool.schema.spi.SchemaManagementToolCoordinator.lambda$process$5(SchemaManagementToolCoordinator.java:143)
	at java.base/java.util.HashMap.forEach(HashMap.java:1421)
	at org.hibernate.tool.schema.spi.SchemaManagementToolCoordinator.process(SchemaManagementToolCoordinator.java:140)
	at org.hibernate.boot.internal.SessionFactoryObserverForSchemaExport.sessionFactoryCreated(SessionFactoryObserverForSchemaExport.java:37)
	at org.hibernate.internal.SessionFactoryObserverChain.sessionFactoryCreated(SessionFactoryObserverChain.java:35)
	at org.hibernate.internal.SessionFactoryImpl.<init>(SessionFactoryImpl.java:292)
	at org.hibernate.boot.internal.SessionFactoryBuilderImpl.build(SessionFactoryBuilderImpl.java:431)
	at org.hibernate.jpa.boot.internal.EntityManagerFactoryBuilderImpl.build(EntityManagerFactoryBuilderImpl.java:1455)
	at org.springframework.orm.jpa.vendor.SpringHibernateJpaPersistenceProvider.createContainerEntityManagerFactory(SpringHibernateJpaPersistenceProvider.java:75)
	at org.springframework.orm.jpa.LocalContainerEntityManagerFactoryBean.createNativeEntityManagerFactory(LocalContainerEntityManagerFactoryBean.java:376)
	at org.springframework.orm.jpa.AbstractEntityManagerFactoryBean.buildNativeEntityManagerFactory(AbstractEntityManagerFactoryBean.java:409)
	at org.springframework.orm.jpa.AbstractEntityManagerFactoryBean.afterPropertiesSet(AbstractEntityManagerFactoryBean.java:396)
	at org.springframework.orm.jpa.LocalContainerEntityManagerFactoryBean.afterPropertiesSet(LocalContainerEntityManagerFactoryBean.java:352)
	at org.springframework.beans.factory.support.AbstractAutowireCapableBeanFactory.invokeInitMethods(AbstractAutowireCapableBeanFactory.java:1817)
	at org.springframework.beans.factory.support.AbstractAutowireCapableBeanFactory.initializeBean(AbstractAutowireCapableBeanFactory.java:1766)
	at org.springframework.beans.factory.support.AbstractAutowireCapableBeanFactory.doCreateBean(AbstractAutowireCapableBeanFactory.java:598)
	at org.springframework.beans.factory.support.AbstractAutowireCapableBeanFactory.createBean(AbstractAutowireCapableBeanFactory.java:520)
	at org.springframework.beans.factory.support.AbstractBeanFactory.lambda$doGetBean$0(AbstractBeanFactory.java:326)
	at org.springframework.beans.factory.support.DefaultSingletonBeanRegistry.getSingleton(DefaultSingletonBeanRegistry.java:234)
	at org.springframework.beans.factory.support.AbstractBeanFactory.doGetBean(AbstractBeanFactory.java:324)
	at org.springframework.beans.factory.support.AbstractBeanFactory.getBean(AbstractBeanFactory.java:200)
	at org.springframework.beans.factory.support.BeanDefinitionValueResolver.resolveReference(BeanDefinitionValueResolver.java:365)
	at org.springframework.beans.factory.support.BeanDefinitionValueResolver.resolveValueIfNecessary(BeanDefinitionValueResolver.java:135)
	at org.springframework.beans.factory.support.ConstructorResolver.resolveConstructorArguments(ConstructorResolver.java:693)
	at org.springframework.beans.factory.support.ConstructorResolver.instantiateUsingFactoryMethod(ConstructorResolver.java:517)
	at org.springframework.beans.factory.support.AbstractAutowireCapableBeanFactory.instantiateUsingFactoryMethod(AbstractAutowireCapableBeanFactory.java:1332)
	at org.springframework.beans.factory.support.AbstractAutowireCapableBeanFactory.createBeanInstance(AbstractAutowireCapableBeanFactory.java:1162)
	at org.springframework.beans.factory.support.AbstractAutowireCapableBeanFactory.doCreateBean(AbstractAutowireCapableBeanFactory.java:560)
	at org.springframework.beans.factory.support.AbstractAutowireCapableBeanFactory.createBean(AbstractAutowireCapableBeanFactory.java:520)
	at org.springframework.beans.factory.support.AbstractBeanFactory.lambda$doGetBean$0(AbstractBeanFactory.java:326)
	at org.springframework.beans.factory.support.DefaultSingletonBeanRegistry.getSingleton(DefaultSingletonBeanRegistry.java:234)
	at org.springframework.beans.factory.support.AbstractBeanFactory.doGetBean(AbstractBeanFactory.java:324)
	at org.springframework.beans.factory.support.AbstractBeanFactory.getBean(AbstractBeanFactory.java:200)
	at org.springframework.beans.factory.support.BeanDefinitionValueResolver.resolveReference(BeanDefinitionValueResolver.java:365)
	at org.springframework.beans.factory.support.BeanDefinitionValueResolver.resolveValueIfNecessary(BeanDefinitionValueResolver.java:135)
	at org.springframework.beans.factory.support.AbstractAutowireCapableBeanFactory.applyPropertyValues(AbstractAutowireCapableBeanFactory.java:1682)
	at org.springframework.beans.factory.support.AbstractAutowireCapableBeanFactory.populateBean(AbstractAutowireCapableBeanFactory.java:1431)
	at org.springframework.beans.factory.support.AbstractAutowireCapableBeanFactory.doCreateBean(AbstractAutowireCapableBeanFactory.java:597)
	at org.springframework.beans.factory.support.AbstractAutowireCapableBeanFactory.createBean(AbstractAutowireCapableBeanFactory.java:520)
	at org.springframework.beans.factory.support.AbstractBeanFactory.lambda$doGetBean$0(AbstractBeanFactory.java:326)
	at org.springframework.beans.factory.support.DefaultSingletonBeanRegistry.getSingleton(DefaultSingletonBeanRegistry.java:234)
	at org.springframework.beans.factory.support.AbstractBeanFactory.doGetBean(AbstractBeanFactory.java:324)
	at org.springframework.beans.factory.support.AbstractBeanFactory.getBean(AbstractBeanFactory.java:200)
	at org.springframework.beans.factory.config.DependencyDescriptor.resolveCandidate(DependencyDescriptor.java:254)
	at org.springframework.beans.factory.support.DefaultListableBeanFactory.doResolveDependency(DefaultListableBeanFactory.java:1417)
	at org.springframework.beans.factory.support.DefaultListableBeanFactory.resolveDependency(DefaultListableBeanFactory.java:1337)
	at org.springframework.beans.factory.support.ConstructorResolver.resolveAutowiredArgument(ConstructorResolver.java:888)
	at org.springframework.beans.factory.support.ConstructorResolver.createArgumentArray(ConstructorResolver.java:791)
	at org.springframework.beans.factory.support.ConstructorResolver.autowireConstructor(ConstructorResolver.java:245)
	at org.springframework.beans.factory.support.AbstractAutowireCapableBeanFactory.autowireConstructor(AbstractAutowireCapableBeanFactory.java:1352)
	at org.springframework.beans.factory.support.AbstractAutowireCapableBeanFactory.createBeanInstance(AbstractAutowireCapableBeanFactory.java:1189)
	at org.springframework.beans.factory.support.AbstractAutowireCapableBeanFactory.doCreateBean(AbstractAutowireCapableBeanFactory.java:560)
	at org.springframework.beans.factory.support.AbstractAutowireCapableBeanFactory.createBean(AbstractAutowireCapableBeanFactory.java:520)
	at org.springframework.beans.factory.support.AbstractBeanFactory.lambda$doGetBean$0(AbstractBeanFactory.java:326)
	at org.springframework.beans.factory.support.DefaultSingletonBeanRegistry.getSingleton(DefaultSingletonBeanRegistry.java:234)
	at org.springframework.beans.factory.support.AbstractBeanFactory.doGetBean(AbstractBeanFactory.java:324)
	at org.springframework.beans.factory.support.AbstractBeanFactory.getBean(AbstractBeanFactory.java:200)
	at org.springframework.beans.factory.config.DependencyDescriptor.resolveCandidate(DependencyDescriptor.java:254)
	at org.springframework.beans.factory.support.DefaultListableBeanFactory.doResolveDependency(DefaultListableBeanFactory.java:1417)
	at org.springframework.beans.factory.support.DefaultListableBeanFactory.resolveDependency(DefaultListableBeanFactory.java:1337)
	at org.springframework.beans.factory.support.ConstructorResolver.resolveAutowiredArgument(ConstructorResolver.java:888)
	at org.springframework.beans.factory.support.ConstructorResolver.createArgumentArray(ConstructorResolver.java:791)
	at org.springframework.beans.factory.support.ConstructorResolver.autowireConstructor(ConstructorResolver.java:245)
	at org.springframework.beans.factory.support.AbstractAutowireCapableBeanFactory.autowireConstructor(AbstractAutowireCapableBeanFactory.java:1352)
	at org.springframework.beans.factory.support.AbstractAutowireCapableBeanFactory.createBeanInstance(AbstractAutowireCapableBeanFactory.java:1189)
	at org.springframework.beans.factory.support.AbstractAutowireCapableBeanFactory.doCreateBean(AbstractAutowireCapableBeanFactory.java:560)
	at org.springframework.beans.factory.support.AbstractAutowireCapableBeanFactory.createBean(AbstractAutowireCapableBeanFactory.java:520)
	at org.springframework.beans.factory.support.AbstractBeanFactory.lambda$doGetBean$0(AbstractBeanFactory.java:326)
	at org.springframework.beans.factory.support.DefaultSingletonBeanRegistry.getSingleton(DefaultSingletonBeanRegistry.java:234)
	at org.springframework.beans.factory.support.AbstractBeanFactory.doGetBean(AbstractBeanFactory.java:324)
	at org.springframework.beans.factory.support.AbstractBeanFactory.getBean(AbstractBeanFactory.java:205)
	at org.springframework.boot.web.servlet.ServletContextInitializerBeans.getOrderedBeansOfType(ServletContextInitializerBeans.java:210)
	at org.springframework.boot.web.servlet.ServletContextInitializerBeans.addAsRegistrationBean(ServletContextInitializerBeans.java:173)
	at org.springframework.boot.web.servlet.ServletContextInitializerBeans.addAsRegistrationBean(ServletContextInitializerBeans.java:168)
	at org.springframework.boot.web.servlet.ServletContextInitializerBeans.addAdaptableBeans(ServletContextInitializerBeans.java:153)
	at org.springframework.boot.web.servlet.ServletContextInitializerBeans.<init>(ServletContextInitializerBeans.java:86)
	at org.springframework.boot.web.servlet.context.ServletWebServerApplicationContext.getServletContextInitializerBeans(ServletWebServerApplicationContext.java:261)
	at org.springframework.boot.web.servlet.context.ServletWebServerApplicationContext.selfInitialize(ServletWebServerApplicationContext.java:235)
	at org.springframework.boot.web.embedded.tomcat.TomcatStarter.onStartup(TomcatStarter.java:52)
	at org.apache.catalina.core.StandardContext.startInternal(StandardContext.java:4886)
	at org.apache.catalina.util.LifecycleBase.start(LifecycleBase.java:183)
	at org.apache.catalina.core.ContainerBase$StartChild.call(ContainerBase.java:1328)
	at org.apache.catalina.core.ContainerBase$StartChild.call(ContainerBase.java:1318)
	at java.base/java.util.concurrent.FutureTask.run(FutureTask.java:264)
	at org.apache.tomcat.util.threads.InlineExecutorService.execute(InlineExecutorService.java:75)
	at java.base/java.util.concurrent.AbstractExecutorService.submit(AbstractExecutorService.java:145)
	at org.apache.catalina.core.ContainerBase.startInternal(ContainerBase.java:866)
	at org.apache.catalina.core.StandardHost.startInternal(StandardHost.java:846)
	at org.apache.catalina.util.LifecycleBase.start(LifecycleBase.java:183)
	at org.apache.catalina.core.ContainerBase$StartChild.call(ContainerBase.java:1328)
	at org.apache.catalina.core.ContainerBase$StartChild.call(ContainerBase.java:1318)
	at java.base/java.util.concurrent.FutureTask.run(FutureTask.java:264)
	at org.apache.tomcat.util.threads.InlineExecutorService.execute(InlineExecutorService.java:75)
	at java.base/java.util.concurrent.AbstractExecutorService.submit(AbstractExecutorService.java:145)
	at org.apache.catalina.core.ContainerBase.startInternal(ContainerBase.java:866)
	at org.apache.catalina.core.StandardEngine.startInternal(StandardEngine.java:241)
	at org.apache.catalina.util.LifecycleBase.start(LifecycleBase.java:183)
	at org.apache.catalina.core.StandardService.startInternal(StandardService.java:428)
	at org.apache.catalina.util.LifecycleBase.start(LifecycleBase.java:183)
	at org.apache.catalina.core.StandardServer.startInternal(StandardServer.java:918)
	at org.apache.catalina.util.LifecycleBase.start(LifecycleBase.java:183)
	at org.apache.catalina.startup.Tomcat.start(Tomcat.java:485)
	at org.springframework.boot.web.embedded.tomcat.TomcatWebServer.initialize(TomcatWebServer.java:123)
	at org.springframework.boot.web.embedded.tomcat.TomcatWebServer.<init>(TomcatWebServer.java:104)
	at org.springframework.boot.web.embedded.tomcat.TomcatServletWebServerFactory.getTomcatWebServer(TomcatServletWebServerFactory.java:489)
	at org.springframework.boot.web.embedded.tomcat.TomcatServletWebServerFactory.getWebServer(TomcatServletWebServerFactory.java:211)
	at org.springframework.boot.web.servlet.context.ServletWebServerApplicationContext.createWebServer(ServletWebServerApplicationContext.java:183)
	at org.springframework.boot.web.servlet.context.ServletWebServerApplicationContext.onRefresh(ServletWebServerApplicationContext.java:161)
	at org.springframework.context.support.AbstractApplicationContext.refresh(AbstractApplicationContext.java:602)
	at org.springframework.boot.web.servlet.context.ServletWebServerApplicationContext.refresh(ServletWebServerApplicationContext.java:146)
	at org.springframework.boot.SpringApplication.refresh(SpringApplication.java:734)
	at org.springframework.boot.SpringApplication.refreshContext(SpringApplication.java:436)
	at org.springframework.boot.SpringApplication.run(SpringApplication.java:312)
	at org.springframework.boot.SpringApplication.run(SpringApplication.java:1306)
	at org.springframework.boot.SpringApplication.run(SpringApplication.java:1295)
	at com.ctrlcv.ersentinel_springboot.ErsentinelSpringbootApplication.main(ErsentinelSpringbootApplication.java:16)
Caused by: org.h2.jdbc.JdbcSQLIntegrityConstraintViolationException: NULL not allowed for column "DUTY_ID"; SQL statement:
INSERT INTO "PUBLIC"."HOSPITAL_COPY_155_13"("ID", "ADDRESS", "CLASSIFICATION", "LOGO_PATH", "NAME", "PHONE", "ZIP_CODE", "FIRST_ADDRESS", "LATITUDE", "LONGITUDE", "PHONE_NUMBER", "SECOND_ADDRESS", "UPDATE_TIME") OVERRIDING SYSTEM VALUE SELECT "ID", "ADDRESS", "CLASSIFICATION", "LOGO_PATH", "NAME", "PHONE", "ZIP_CODE", "FIRST_ADDRESS", "LATITUDE", "LONGITUDE", "PHONE_NUMBER", "SECOND_ADDRESS", "UPDATE_TIME" FROM "PUBLIC"."HOSPITAL" [23502-214]
	at org.h2.message.DbException.getJdbcSQLException(DbException.java:508)
	at org.h2.engine.SessionRemote.readException(SessionRemote.java:637)
	at org.h2.engine.SessionRemote.done(SessionRemote.java:606)
	at org.h2.command.CommandRemote.executeUpdate(CommandRemote.java:227)
	at org.h2.jdbc.JdbcStatement.executeInternal(JdbcStatement.java:252)
	at org.h2.jdbc.JdbcStatement.execute(JdbcStatement.java:223)
	at com.zaxxer.hikari.pool.ProxyStatement.execute(ProxyStatement.java:94)
	at com.zaxxer.hikari.pool.HikariProxyStatement.execute(HikariProxyStatement.java)
	at org.hibernate.tool.schema.internal.exec.GenerationTargetToDatabase.accept(GenerationTargetToDatabase.java:78)
	... 123 common frames omitted
2024-08-29 14:26:02,906 INFO  c.c.e.component.MariaDBAppender - [MariaDBAppender] append
2024-08-29 14:26:02,906 INFO  c.c.e.component.MariaDBAppender - [getlog]GenerationTarget encountered exception accepting command : Error executing DDL "
    alter table if exists hospital
       add column duty_id varchar(255) not null" via JDBC [NULL not allowed for column "DUTY_ID";]
2024-08-29 14:26:02,912 WARN  o.h.t.s.i.ExceptionHandlerLoggedImpl - GenerationTarget encountered exception accepting command : Error executing DDL "
    create table user (
        id integer generated by default as identity,
        email varchar(255),
        nickname varchar(255),
        password varchar(255),
        role varchar(255) check (role in ('ADMIN','USER')),
        username varchar(255),
        primary key (id)
    )" via JDBC [Syntax error in SQL statement "\000d\000a    create table [*]user (\000d\000a        id integer generated by default as identity,\000d\000a        email varchar(255),\000d\000a        nickname varchar(255),\000d\000a        password varchar(255),\000d\000a        role varchar(255) check (role in ('ADMIN','USER')),\000d\000a        username varchar(255),\000d\000a        primary key (id)\000d\000a    )"; expected "identifier";]
org.hibernate.tool.schema.spi.CommandAcceptanceException: Error executing DDL "
    create table user (
        id integer generated by default as identity,
        email varchar(255),
        nickname varchar(255),
        password varchar(255),
        role varchar(255) check (role in ('ADMIN','USER')),
        username varchar(255),
        primary key (id)
    )" via JDBC [Syntax error in SQL statement "\000d\000a    create table [*]user (\000d\000a        id integer generated by default as identity,\000d\000a        email varchar(255),\000d\000a        nickname varchar(255),\000d\000a        password varchar(255),\000d\000a        role varchar(255) check (role in ('ADMIN','USER')),\000d\000a        username varchar(255),\000d\000a        primary key (id)\000d\000a    )"; expected "identifier";]
	at org.hibernate.tool.schema.internal.exec.GenerationTargetToDatabase.accept(GenerationTargetToDatabase.java:92)
	at org.hibernate.tool.schema.internal.AbstractSchemaMigrator.applySqlString(AbstractSchemaMigrator.java:574)
	at org.hibernate.tool.schema.internal.AbstractSchemaMigrator.applySqlStrings(AbstractSchemaMigrator.java:514)
	at org.hibernate.tool.schema.internal.AbstractSchemaMigrator.createTable(AbstractSchemaMigrator.java:315)
	at org.hibernate.tool.schema.internal.GroupedSchemaMigratorImpl.performTablesMigration(GroupedSchemaMigratorImpl.java:80)
	at org.hibernate.tool.schema.internal.AbstractSchemaMigrator.performMigration(AbstractSchemaMigrator.java:232)
	at org.hibernate.tool.schema.internal.AbstractSchemaMigrator.doMigration(AbstractSchemaMigrator.java:117)
	at org.hibernate.tool.schema.spi.SchemaManagementToolCoordinator.performDatabaseAction(SchemaManagementToolCoordinator.java:284)
	at org.hibernate.tool.schema.spi.SchemaManagementToolCoordinator.lambda$process$5(SchemaManagementToolCoordinator.java:143)
	at java.base/java.util.HashMap.forEach(HashMap.java:1421)
	at org.hibernate.tool.schema.spi.SchemaManagementToolCoordinator.process(SchemaManagementToolCoordinator.java:140)
	at org.hibernate.boot.internal.SessionFactoryObserverForSchemaExport.sessionFactoryCreated(SessionFactoryObserverForSchemaExport.java:37)
	at org.hibernate.internal.SessionFactoryObserverChain.sessionFactoryCreated(SessionFactoryObserverChain.java:35)
	at org.hibernate.internal.SessionFactoryImpl.<init>(SessionFactoryImpl.java:292)
	at org.hibernate.boot.internal.SessionFactoryBuilderImpl.build(SessionFactoryBuilderImpl.java:431)
	at org.hibernate.jpa.boot.internal.EntityManagerFactoryBuilderImpl.build(EntityManagerFactoryBuilderImpl.java:1455)
	at org.springframework.orm.jpa.vendor.SpringHibernateJpaPersistenceProvider.createContainerEntityManagerFactory(SpringHibernateJpaPersistenceProvider.java:75)
	at org.springframework.orm.jpa.LocalContainerEntityManagerFactoryBean.createNativeEntityManagerFactory(LocalContainerEntityManagerFactoryBean.java:376)
	at org.springframework.orm.jpa.AbstractEntityManagerFactoryBean.buildNativeEntityManagerFactory(AbstractEntityManagerFactoryBean.java:409)
	at org.springframework.orm.jpa.AbstractEntityManagerFactoryBean.afterPropertiesSet(AbstractEntityManagerFactoryBean.java:396)
	at org.springframework.orm.jpa.LocalContainerEntityManagerFactoryBean.afterPropertiesSet(LocalContainerEntityManagerFactoryBean.java:352)
	at org.springframework.beans.factory.support.AbstractAutowireCapableBeanFactory.invokeInitMethods(AbstractAutowireCapableBeanFactory.java:1817)
	at org.springframework.beans.factory.support.AbstractAutowireCapableBeanFactory.initializeBean(AbstractAutowireCapableBeanFactory.java:1766)
	at org.springframework.beans.factory.support.AbstractAutowireCapableBeanFactory.doCreateBean(AbstractAutowireCapableBeanFactory.java:598)
	at org.springframework.beans.factory.support.AbstractAutowireCapableBeanFactory.createBean(AbstractAutowireCapableBeanFactory.java:520)
	at org.springframework.beans.factory.support.AbstractBeanFactory.lambda$doGetBean$0(AbstractBeanFactory.java:326)
	at org.springframework.beans.factory.support.DefaultSingletonBeanRegistry.getSingleton(DefaultSingletonBeanRegistry.java:234)
	at org.springframework.beans.factory.support.AbstractBeanFactory.doGetBean(AbstractBeanFactory.java:324)
	at org.springframework.beans.factory.support.AbstractBeanFactory.getBean(AbstractBeanFactory.java:200)
	at org.springframework.beans.factory.support.BeanDefinitionValueResolver.resolveReference(BeanDefinitionValueResolver.java:365)
	at org.springframework.beans.factory.support.BeanDefinitionValueResolver.resolveValueIfNecessary(BeanDefinitionValueResolver.java:135)
	at org.springframework.beans.factory.support.ConstructorResolver.resolveConstructorArguments(ConstructorResolver.java:693)
	at org.springframework.beans.factory.support.ConstructorResolver.instantiateUsingFactoryMethod(ConstructorResolver.java:517)
	at org.springframework.beans.factory.support.AbstractAutowireCapableBeanFactory.instantiateUsingFactoryMethod(AbstractAutowireCapableBeanFactory.java:1332)
	at org.springframework.beans.factory.support.AbstractAutowireCapableBeanFactory.createBeanInstance(AbstractAutowireCapableBeanFactory.java:1162)
	at org.springframework.beans.factory.support.AbstractAutowireCapableBeanFactory.doCreateBean(AbstractAutowireCapableBeanFactory.java:560)
	at org.springframework.beans.factory.support.AbstractAutowireCapableBeanFactory.createBean(AbstractAutowireCapableBeanFactory.java:520)
	at org.springframework.beans.factory.support.AbstractBeanFactory.lambda$doGetBean$0(AbstractBeanFactory.java:326)
	at org.springframework.beans.factory.support.DefaultSingletonBeanRegistry.getSingleton(DefaultSingletonBeanRegistry.java:234)
	at org.springframework.beans.factory.support.AbstractBeanFactory.doGetBean(AbstractBeanFactory.java:324)
	at org.springframework.beans.factory.support.AbstractBeanFactory.getBean(AbstractBeanFactory.java:200)
	at org.springframework.beans.factory.support.BeanDefinitionValueResolver.resolveReference(BeanDefinitionValueResolver.java:365)
	at org.springframework.beans.factory.support.BeanDefinitionValueResolver.resolveValueIfNecessary(BeanDefinitionValueResolver.java:135)
	at org.springframework.beans.factory.support.AbstractAutowireCapableBeanFactory.applyPropertyValues(AbstractAutowireCapableBeanFactory.java:1682)
	at org.springframework.beans.factory.support.AbstractAutowireCapableBeanFactory.populateBean(AbstractAutowireCapableBeanFactory.java:1431)
	at org.springframework.beans.factory.support.AbstractAutowireCapableBeanFactory.doCreateBean(AbstractAutowireCapableBeanFactory.java:597)
	at org.springframework.beans.factory.support.AbstractAutowireCapableBeanFactory.createBean(AbstractAutowireCapableBeanFactory.java:520)
	at org.springframework.beans.factory.support.AbstractBeanFactory.lambda$doGetBean$0(AbstractBeanFactory.java:326)
	at org.springframework.beans.factory.support.DefaultSingletonBeanRegistry.getSingleton(DefaultSingletonBeanRegistry.java:234)
	at org.springframework.beans.factory.support.AbstractBeanFactory.doGetBean(AbstractBeanFactory.java:324)
	at org.springframework.beans.factory.support.AbstractBeanFactory.getBean(AbstractBeanFactory.java:200)
	at org.springframework.beans.factory.config.DependencyDescriptor.resolveCandidate(DependencyDescriptor.java:254)
	at org.springframework.beans.factory.support.DefaultListableBeanFactory.doResolveDependency(DefaultListableBeanFactory.java:1417)
	at org.springframework.beans.factory.support.DefaultListableBeanFactory.resolveDependency(DefaultListableBeanFactory.java:1337)
	at org.springframework.beans.factory.support.ConstructorResolver.resolveAutowiredArgument(ConstructorResolver.java:888)
	at org.springframework.beans.factory.support.ConstructorResolver.createArgumentArray(ConstructorResolver.java:791)
	at org.springframework.beans.factory.support.ConstructorResolver.autowireConstructor(ConstructorResolver.java:245)
	at org.springframework.beans.factory.support.AbstractAutowireCapableBeanFactory.autowireConstructor(AbstractAutowireCapableBeanFactory.java:1352)
	at org.springframework.beans.factory.support.AbstractAutowireCapableBeanFactory.createBeanInstance(AbstractAutowireCapableBeanFactory.java:1189)
	at org.springframework.beans.factory.support.AbstractAutowireCapableBeanFactory.doCreateBean(AbstractAutowireCapableBeanFactory.java:560)
	at org.springframework.beans.factory.support.AbstractAutowireCapableBeanFactory.createBean(AbstractAutowireCapableBeanFactory.java:520)
	at org.springframework.beans.factory.support.AbstractBeanFactory.lambda$doGetBean$0(AbstractBeanFactory.java:326)
	at org.springframework.beans.factory.support.DefaultSingletonBeanRegistry.getSingleton(DefaultSingletonBeanRegistry.java:234)
	at org.springframework.beans.factory.support.AbstractBeanFactory.doGetBean(AbstractBeanFactory.java:324)
	at org.springframework.beans.factory.support.AbstractBeanFactory.getBean(AbstractBeanFactory.java:200)
	at org.springframework.beans.factory.config.DependencyDescriptor.resolveCandidate(DependencyDescriptor.java:254)
	at org.springframework.beans.factory.support.DefaultListableBeanFactory.doResolveDependency(DefaultListableBeanFactory.java:1417)
	at org.springframework.beans.factory.support.DefaultListableBeanFactory.resolveDependency(DefaultListableBeanFactory.java:1337)
	at org.springframework.beans.factory.support.ConstructorResolver.resolveAutowiredArgument(ConstructorResolver.java:888)
	at org.springframework.beans.factory.support.ConstructorResolver.createArgumentArray(ConstructorResolver.java:791)
	at org.springframework.beans.factory.support.ConstructorResolver.autowireConstructor(ConstructorResolver.java:245)
	at org.springframework.beans.factory.support.AbstractAutowireCapableBeanFactory.autowireConstructor(AbstractAutowireCapableBeanFactory.java:1352)
	at org.springframework.beans.factory.support.AbstractAutowireCapableBeanFactory.createBeanInstance(AbstractAutowireCapableBeanFactory.java:1189)
	at org.springframework.beans.factory.support.AbstractAutowireCapableBeanFactory.doCreateBean(AbstractAutowireCapableBeanFactory.java:560)
	at org.springframework.beans.factory.support.AbstractAutowireCapableBeanFactory.createBean(AbstractAutowireCapableBeanFactory.java:520)
	at org.springframework.beans.factory.support.AbstractBeanFactory.lambda$doGetBean$0(AbstractBeanFactory.java:326)
	at org.springframework.beans.factory.support.DefaultSingletonBeanRegistry.getSingleton(DefaultSingletonBeanRegistry.java:234)
	at org.springframework.beans.factory.support.AbstractBeanFactory.doGetBean(AbstractBeanFactory.java:324)
	at org.springframework.beans.factory.support.AbstractBeanFactory.getBean(AbstractBeanFactory.java:205)
	at org.springframework.boot.web.servlet.ServletContextInitializerBeans.getOrderedBeansOfType(ServletContextInitializerBeans.java:210)
	at org.springframework.boot.web.servlet.ServletContextInitializerBeans.addAsRegistrationBean(ServletContextInitializerBeans.java:173)
	at org.springframework.boot.web.servlet.ServletContextInitializerBeans.addAsRegistrationBean(ServletContextInitializerBeans.java:168)
	at org.springframework.boot.web.servlet.ServletContextInitializerBeans.addAdaptableBeans(ServletContextInitializerBeans.java:153)
	at org.springframework.boot.web.servlet.ServletContextInitializerBeans.<init>(ServletContextInitializerBeans.java:86)
	at org.springframework.boot.web.servlet.context.ServletWebServerApplicationContext.getServletContextInitializerBeans(ServletWebServerApplicationContext.java:261)
	at org.springframework.boot.web.servlet.context.ServletWebServerApplicationContext.selfInitialize(ServletWebServerApplicationContext.java:235)
	at org.springframework.boot.web.embedded.tomcat.TomcatStarter.onStartup(TomcatStarter.java:52)
	at org.apache.catalina.core.StandardContext.startInternal(StandardContext.java:4886)
	at org.apache.catalina.util.LifecycleBase.start(LifecycleBase.java:183)
	at org.apache.catalina.core.ContainerBase$StartChild.call(ContainerBase.java:1328)
	at org.apache.catalina.core.ContainerBase$StartChild.call(ContainerBase.java:1318)
	at java.base/java.util.concurrent.FutureTask.run(FutureTask.java:264)
	at org.apache.tomcat.util.threads.InlineExecutorService.execute(InlineExecutorService.java:75)
	at java.base/java.util.concurrent.AbstractExecutorService.submit(AbstractExecutorService.java:145)
	at org.apache.catalina.core.ContainerBase.startInternal(ContainerBase.java:866)
	at org.apache.catalina.core.StandardHost.startInternal(StandardHost.java:846)
	at org.apache.catalina.util.LifecycleBase.start(LifecycleBase.java:183)
	at org.apache.catalina.core.ContainerBase$StartChild.call(ContainerBase.java:1328)
	at org.apache.catalina.core.ContainerBase$StartChild.call(ContainerBase.java:1318)
	at java.base/java.util.concurrent.FutureTask.run(FutureTask.java:264)
	at org.apache.tomcat.util.threads.InlineExecutorService.execute(InlineExecutorService.java:75)
	at java.base/java.util.concurrent.AbstractExecutorService.submit(AbstractExecutorService.java:145)
	at org.apache.catalina.core.ContainerBase.startInternal(ContainerBase.java:866)
	at org.apache.catalina.core.StandardEngine.startInternal(StandardEngine.java:241)
	at org.apache.catalina.util.LifecycleBase.start(LifecycleBase.java:183)
	at org.apache.catalina.core.StandardService.startInternal(StandardService.java:428)
	at org.apache.catalina.util.LifecycleBase.start(LifecycleBase.java:183)
	at org.apache.catalina.core.StandardServer.startInternal(StandardServer.java:918)
	at org.apache.catalina.util.LifecycleBase.start(LifecycleBase.java:183)
	at org.apache.catalina.startup.Tomcat.start(Tomcat.java:485)
	at org.springframework.boot.web.embedded.tomcat.TomcatWebServer.initialize(TomcatWebServer.java:123)
	at org.springframework.boot.web.embedded.tomcat.TomcatWebServer.<init>(TomcatWebServer.java:104)
	at org.springframework.boot.web.embedded.tomcat.TomcatServletWebServerFactory.getTomcatWebServer(TomcatServletWebServerFactory.java:489)
	at org.springframework.boot.web.embedded.tomcat.TomcatServletWebServerFactory.getWebServer(TomcatServletWebServerFactory.java:211)
	at org.springframework.boot.web.servlet.context.ServletWebServerApplicationContext.createWebServer(ServletWebServerApplicationContext.java:183)
	at org.springframework.boot.web.servlet.context.ServletWebServerApplicationContext.onRefresh(ServletWebServerApplicationContext.java:161)
	at org.springframework.context.support.AbstractApplicationContext.refresh(AbstractApplicationContext.java:602)
	at org.springframework.boot.web.servlet.context.ServletWebServerApplicationContext.refresh(ServletWebServerApplicationContext.java:146)
	at org.springframework.boot.SpringApplication.refresh(SpringApplication.java:734)
	at org.springframework.boot.SpringApplication.refreshContext(SpringApplication.java:436)
	at org.springframework.boot.SpringApplication.run(SpringApplication.java:312)
	at org.springframework.boot.SpringApplication.run(SpringApplication.java:1306)
	at org.springframework.boot.SpringApplication.run(SpringApplication.java:1295)
	at com.ctrlcv.ersentinel_springboot.ErsentinelSpringbootApplication.main(ErsentinelSpringbootApplication.java:16)
Caused by: org.h2.jdbc.JdbcSQLSyntaxErrorException: Syntax error in SQL statement "\000d\000a    create table [*]user (\000d\000a        id integer generated by default as identity,\000d\000a        email varchar(255),\000d\000a        nickname varchar(255),\000d\000a        password varchar(255),\000d\000a        role varchar(255) check (role in ('ADMIN','USER')),\000d\000a        username varchar(255),\000d\000a        primary key (id)\000d\000a    )"; expected "identifier"; SQL statement:

    create table user (
        id integer generated by default as identity,
        email varchar(255),
        nickname varchar(255),
        password varchar(255),
        role varchar(255) check (role in ('ADMIN','USER')),
        username varchar(255),
        primary key (id)
    ) [42001-214]
	at org.h2.message.DbException.getJdbcSQLException(DbException.java:502)
	at org.h2.engine.SessionRemote.readException(SessionRemote.java:637)
	at org.h2.engine.SessionRemote.done(SessionRemote.java:606)
	at org.h2.command.CommandRemote.prepare(CommandRemote.java:78)
	at org.h2.command.CommandRemote.<init>(CommandRemote.java:50)
	at org.h2.engine.SessionRemote.prepareCommand(SessionRemote.java:480)
	at org.h2.jdbc.JdbcConnection.prepareCommand(JdbcConnection.java:1116)
	at org.h2.jdbc.JdbcStatement.executeInternal(JdbcStatement.java:237)
	at org.h2.jdbc.JdbcStatement.execute(JdbcStatement.java:223)
	at com.zaxxer.hikari.pool.ProxyStatement.execute(ProxyStatement.java:94)
	at com.zaxxer.hikari.pool.HikariProxyStatement.execute(HikariProxyStatement.java)
	at org.hibernate.tool.schema.internal.exec.GenerationTargetToDatabase.accept(GenerationTargetToDatabase.java:78)
	... 123 common frames omitted
2024-08-29 14:26:02,913 INFO  c.c.e.component.MariaDBAppender - [MariaDBAppender] append
2024-08-29 14:26:02,913 INFO  c.c.e.component.MariaDBAppender - [getlog]GenerationTarget encountered exception accepting command : Error executing DDL "
    create table user (
        id integer generated by default as identity,
        email varchar(255),
        nickname varchar(255),
        password varchar(255),
        role varchar(255) check (role in ('ADMIN','USER')),
        username varchar(255),
        primary key (id)
    )" via JDBC [Syntax error in SQL statement "\000d\000a    create table [*]user (\000d\000a        id integer generated by default as identity,\000d\000a        email varchar(255),\000d\000a        nickname varchar(255),\000d\000a        password varchar(255),\000d\000a        role varchar(255) check (role in ('ADMIN','USER')),\000d\000a        username varchar(255),\000d\000a        primary key (id)\000d\000a    )"; expected "identifier";]
2024-08-29 14:26:02,938 WARN  o.h.t.s.i.ExceptionHandlerLoggedImpl - GenerationTarget encountered exception accepting command : Error executing DDL "
    alter table if exists survey 
       add constraint FKhwl4rlo5sdliq7c5yimausy39 
       foreign key (userid) 
       references user" via JDBC [Syntax error in SQL statement "\000d\000a    alter table if exists survey \000d\000a       add constraint FKhwl4rlo5sdliq7c5yimausy39 \000d\000a       foreign key (userid) \000d\000a       references [*]user"; expected "identifier";]
org.hibernate.tool.schema.spi.CommandAcceptanceException: Error executing DDL "
    alter table if exists survey 
       add constraint FKhwl4rlo5sdliq7c5yimausy39 
       foreign key (userid) 
       references user" via JDBC [Syntax error in SQL statement "\000d\000a    alter table if exists survey \000d\000a       add constraint FKhwl4rlo5sdliq7c5yimausy39 \000d\000a       foreign key (userid) \000d\000a       references [*]user"; expected "identifier";]
	at org.hibernate.tool.schema.internal.exec.GenerationTargetToDatabase.accept(GenerationTargetToDatabase.java:92)
	at org.hibernate.tool.schema.internal.AbstractSchemaMigrator.applySqlString(AbstractSchemaMigrator.java:574)
	at org.hibernate.tool.schema.internal.AbstractSchemaMigrator.applySqlStrings(AbstractSchemaMigrator.java:514)
	at org.hibernate.tool.schema.internal.AbstractSchemaMigrator.applyForeignKeys(AbstractSchemaMigrator.java:446)
	at org.hibernate.tool.schema.internal.AbstractSchemaMigrator.performMigration(AbstractSchemaMigrator.java:268)
	at org.hibernate.tool.schema.internal.AbstractSchemaMigrator.doMigration(AbstractSchemaMigrator.java:117)
	at org.hibernate.tool.schema.spi.SchemaManagementToolCoordinator.performDatabaseAction(SchemaManagementToolCoordinator.java:284)
	at org.hibernate.tool.schema.spi.SchemaManagementToolCoordinator.lambda$process$5(SchemaManagementToolCoordinator.java:143)
	at java.base/java.util.HashMap.forEach(HashMap.java:1421)
	at org.hibernate.tool.schema.spi.SchemaManagementToolCoordinator.process(SchemaManagementToolCoordinator.java:140)
	at org.hibernate.boot.internal.SessionFactoryObserverForSchemaExport.sessionFactoryCreated(SessionFactoryObserverForSchemaExport.java:37)
	at org.hibernate.internal.SessionFactoryObserverChain.sessionFactoryCreated(SessionFactoryObserverChain.java:35)
	at org.hibernate.internal.SessionFactoryImpl.<init>(SessionFactoryImpl.java:292)
	at org.hibernate.boot.internal.SessionFactoryBuilderImpl.build(SessionFactoryBuilderImpl.java:431)
	at org.hibernate.jpa.boot.internal.EntityManagerFactoryBuilderImpl.build(EntityManagerFactoryBuilderImpl.java:1455)
	at org.springframework.orm.jpa.vendor.SpringHibernateJpaPersistenceProvider.createContainerEntityManagerFactory(SpringHibernateJpaPersistenceProvider.java:75)
	at org.springframework.orm.jpa.LocalContainerEntityManagerFactoryBean.createNativeEntityManagerFactory(LocalContainerEntityManagerFactoryBean.java:376)
	at org.springframework.orm.jpa.AbstractEntityManagerFactoryBean.buildNativeEntityManagerFactory(AbstractEntityManagerFactoryBean.java:409)
	at org.springframework.orm.jpa.AbstractEntityManagerFactoryBean.afterPropertiesSet(AbstractEntityManagerFactoryBean.java:396)
	at org.springframework.orm.jpa.LocalContainerEntityManagerFactoryBean.afterPropertiesSet(LocalContainerEntityManagerFactoryBean.java:352)
	at org.springframework.beans.factory.support.AbstractAutowireCapableBeanFactory.invokeInitMethods(AbstractAutowireCapableBeanFactory.java:1817)
	at org.springframework.beans.factory.support.AbstractAutowireCapableBeanFactory.initializeBean(AbstractAutowireCapableBeanFactory.java:1766)
	at org.springframework.beans.factory.support.AbstractAutowireCapableBeanFactory.doCreateBean(AbstractAutowireCapableBeanFactory.java:598)
	at org.springframework.beans.factory.support.AbstractAutowireCapableBeanFactory.createBean(AbstractAutowireCapableBeanFactory.java:520)
	at org.springframework.beans.factory.support.AbstractBeanFactory.lambda$doGetBean$0(AbstractBeanFactory.java:326)
	at org.springframework.beans.factory.support.DefaultSingletonBeanRegistry.getSingleton(DefaultSingletonBeanRegistry.java:234)
	at org.springframework.beans.factory.support.AbstractBeanFactory.doGetBean(AbstractBeanFactory.java:324)
	at org.springframework.beans.factory.support.AbstractBeanFactory.getBean(AbstractBeanFactory.java:200)
	at org.springframework.beans.factory.support.BeanDefinitionValueResolver.resolveReference(BeanDefinitionValueResolver.java:365)
	at org.springframework.beans.factory.support.BeanDefinitionValueResolver.resolveValueIfNecessary(BeanDefinitionValueResolver.java:135)
	at org.springframework.beans.factory.support.ConstructorResolver.resolveConstructorArguments(ConstructorResolver.java:693)
	at org.springframework.beans.factory.support.ConstructorResolver.instantiateUsingFactoryMethod(ConstructorResolver.java:517)
	at org.springframework.beans.factory.support.AbstractAutowireCapableBeanFactory.instantiateUsingFactoryMethod(AbstractAutowireCapableBeanFactory.java:1332)
	at org.springframework.beans.factory.support.AbstractAutowireCapableBeanFactory.createBeanInstance(AbstractAutowireCapableBeanFactory.java:1162)
	at org.springframework.beans.factory.support.AbstractAutowireCapableBeanFactory.doCreateBean(AbstractAutowireCapableBeanFactory.java:560)
	at org.springframework.beans.factory.support.AbstractAutowireCapableBeanFactory.createBean(AbstractAutowireCapableBeanFactory.java:520)
	at org.springframework.beans.factory.support.AbstractBeanFactory.lambda$doGetBean$0(AbstractBeanFactory.java:326)
	at org.springframework.beans.factory.support.DefaultSingletonBeanRegistry.getSingleton(DefaultSingletonBeanRegistry.java:234)
	at org.springframework.beans.factory.support.AbstractBeanFactory.doGetBean(AbstractBeanFactory.java:324)
	at org.springframework.beans.factory.support.AbstractBeanFactory.getBean(AbstractBeanFactory.java:200)
	at org.springframework.beans.factory.support.BeanDefinitionValueResolver.resolveReference(BeanDefinitionValueResolver.java:365)
	at org.springframework.beans.factory.support.BeanDefinitionValueResolver.resolveValueIfNecessary(BeanDefinitionValueResolver.java:135)
	at org.springframework.beans.factory.support.AbstractAutowireCapableBeanFactory.applyPropertyValues(AbstractAutowireCapableBeanFactory.java:1682)
	at org.springframework.beans.factory.support.AbstractAutowireCapableBeanFactory.populateBean(AbstractAutowireCapableBeanFactory.java:1431)
	at org.springframework.beans.factory.support.AbstractAutowireCapableBeanFactory.doCreateBean(AbstractAutowireCapableBeanFactory.java:597)
	at org.springframework.beans.factory.support.AbstractAutowireCapableBeanFactory.createBean(AbstractAutowireCapableBeanFactory.java:520)
	at org.springframework.beans.factory.support.AbstractBeanFactory.lambda$doGetBean$0(AbstractBeanFactory.java:326)
	at org.springframework.beans.factory.support.DefaultSingletonBeanRegistry.getSingleton(DefaultSingletonBeanRegistry.java:234)
	at org.springframework.beans.factory.support.AbstractBeanFactory.doGetBean(AbstractBeanFactory.java:324)
	at org.springframework.beans.factory.support.AbstractBeanFactory.getBean(AbstractBeanFactory.java:200)
	at org.springframework.beans.factory.config.DependencyDescriptor.resolveCandidate(DependencyDescriptor.java:254)
	at org.springframework.beans.factory.support.DefaultListableBeanFactory.doResolveDependency(DefaultListableBeanFactory.java:1417)
	at org.springframework.beans.factory.support.DefaultListableBeanFactory.resolveDependency(DefaultListableBeanFactory.java:1337)
	at org.springframework.beans.factory.support.ConstructorResolver.resolveAutowiredArgument(ConstructorResolver.java:888)
	at org.springframework.beans.factory.support.ConstructorResolver.createArgumentArray(ConstructorResolver.java:791)
	at org.springframework.beans.factory.support.ConstructorResolver.autowireConstructor(ConstructorResolver.java:245)
	at org.springframework.beans.factory.support.AbstractAutowireCapableBeanFactory.autowireConstructor(AbstractAutowireCapableBeanFactory.java:1352)
	at org.springframework.beans.factory.support.AbstractAutowireCapableBeanFactory.createBeanInstance(AbstractAutowireCapableBeanFactory.java:1189)
	at org.springframework.beans.factory.support.AbstractAutowireCapableBeanFactory.doCreateBean(AbstractAutowireCapableBeanFactory.java:560)
	at org.springframework.beans.factory.support.AbstractAutowireCapableBeanFactory.createBean(AbstractAutowireCapableBeanFactory.java:520)
	at org.springframework.beans.factory.support.AbstractBeanFactory.lambda$doGetBean$0(AbstractBeanFactory.java:326)
	at org.springframework.beans.factory.support.DefaultSingletonBeanRegistry.getSingleton(DefaultSingletonBeanRegistry.java:234)
	at org.springframework.beans.factory.support.AbstractBeanFactory.doGetBean(AbstractBeanFactory.java:324)
	at org.springframework.beans.factory.support.AbstractBeanFactory.getBean(AbstractBeanFactory.java:200)
	at org.springframework.beans.factory.config.DependencyDescriptor.resolveCandidate(DependencyDescriptor.java:254)
	at org.springframework.beans.factory.support.DefaultListableBeanFactory.doResolveDependency(DefaultListableBeanFactory.java:1417)
	at org.springframework.beans.factory.support.DefaultListableBeanFactory.resolveDependency(DefaultListableBeanFactory.java:1337)
	at org.springframework.beans.factory.support.ConstructorResolver.resolveAutowiredArgument(ConstructorResolver.java:888)
	at org.springframework.beans.factory.support.ConstructorResolver.createArgumentArray(ConstructorResolver.java:791)
	at org.springframework.beans.factory.support.ConstructorResolver.autowireConstructor(ConstructorResolver.java:245)
	at org.springframework.beans.factory.support.AbstractAutowireCapableBeanFactory.autowireConstructor(AbstractAutowireCapableBeanFactory.java:1352)
	at org.springframework.beans.factory.support.AbstractAutowireCapableBeanFactory.createBeanInstance(AbstractAutowireCapableBeanFactory.java:1189)
	at org.springframework.beans.factory.support.AbstractAutowireCapableBeanFactory.doCreateBean(AbstractAutowireCapableBeanFactory.java:560)
	at org.springframework.beans.factory.support.AbstractAutowireCapableBeanFactory.createBean(AbstractAutowireCapableBeanFactory.java:520)
	at org.springframework.beans.factory.support.AbstractBeanFactory.lambda$doGetBean$0(AbstractBeanFactory.java:326)
	at org.springframework.beans.factory.support.DefaultSingletonBeanRegistry.getSingleton(DefaultSingletonBeanRegistry.java:234)
	at org.springframework.beans.factory.support.AbstractBeanFactory.doGetBean(AbstractBeanFactory.java:324)
	at org.springframework.beans.factory.support.AbstractBeanFactory.getBean(AbstractBeanFactory.java:205)
	at org.springframework.boot.web.servlet.ServletContextInitializerBeans.getOrderedBeansOfType(ServletContextInitializerBeans.java:210)
	at org.springframework.boot.web.servlet.ServletContextInitializerBeans.addAsRegistrationBean(ServletContextInitializerBeans.java:173)
	at org.springframework.boot.web.servlet.ServletContextInitializerBeans.addAsRegistrationBean(ServletContextInitializerBeans.java:168)
	at org.springframework.boot.web.servlet.ServletContextInitializerBeans.addAdaptableBeans(ServletContextInitializerBeans.java:153)
	at org.springframework.boot.web.servlet.ServletContextInitializerBeans.<init>(ServletContextInitializerBeans.java:86)
	at org.springframework.boot.web.servlet.context.ServletWebServerApplicationContext.getServletContextInitializerBeans(ServletWebServerApplicationContext.java:261)
	at org.springframework.boot.web.servlet.context.ServletWebServerApplicationContext.selfInitialize(ServletWebServerApplicationContext.java:235)
	at org.springframework.boot.web.embedded.tomcat.TomcatStarter.onStartup(TomcatStarter.java:52)
	at org.apache.catalina.core.StandardContext.startInternal(StandardContext.java:4886)
	at org.apache.catalina.util.LifecycleBase.start(LifecycleBase.java:183)
	at org.apache.catalina.core.ContainerBase$StartChild.call(ContainerBase.java:1328)
	at org.apache.catalina.core.ContainerBase$StartChild.call(ContainerBase.java:1318)
	at java.base/java.util.concurrent.FutureTask.run(FutureTask.java:264)
	at org.apache.tomcat.util.threads.InlineExecutorService.execute(InlineExecutorService.java:75)
	at java.base/java.util.concurrent.AbstractExecutorService.submit(AbstractExecutorService.java:145)
	at org.apache.catalina.core.ContainerBase.startInternal(ContainerBase.java:866)
	at org.apache.catalina.core.StandardHost.startInternal(StandardHost.java:846)
	at org.apache.catalina.util.LifecycleBase.start(LifecycleBase.java:183)
	at org.apache.catalina.core.ContainerBase$StartChild.call(ContainerBase.java:1328)
	at org.apache.catalina.core.ContainerBase$StartChild.call(ContainerBase.java:1318)
	at java.base/java.util.concurrent.FutureTask.run(FutureTask.java:264)
	at org.apache.tomcat.util.threads.InlineExecutorService.execute(InlineExecutorService.java:75)
	at java.base/java.util.concurrent.AbstractExecutorService.submit(AbstractExecutorService.java:145)
	at org.apache.catalina.core.ContainerBase.startInternal(ContainerBase.java:866)
	at org.apache.catalina.core.StandardEngine.startInternal(StandardEngine.java:241)
	at org.apache.catalina.util.LifecycleBase.start(LifecycleBase.java:183)
	at org.apache.catalina.core.StandardService.startInternal(StandardService.java:428)
	at org.apache.catalina.util.LifecycleBase.start(LifecycleBase.java:183)
	at org.apache.catalina.core.StandardServer.startInternal(StandardServer.java:918)
	at org.apache.catalina.util.LifecycleBase.start(LifecycleBase.java:183)
	at org.apache.catalina.startup.Tomcat.start(Tomcat.java:485)
	at org.springframework.boot.web.embedded.tomcat.TomcatWebServer.initialize(TomcatWebServer.java:123)
	at org.springframework.boot.web.embedded.tomcat.TomcatWebServer.<init>(TomcatWebServer.java:104)
	at org.springframework.boot.web.embedded.tomcat.TomcatServletWebServerFactory.getTomcatWebServer(TomcatServletWebServerFactory.java:489)
	at org.springframework.boot.web.embedded.tomcat.TomcatServletWebServerFactory.getWebServer(TomcatServletWebServerFactory.java:211)
	at org.springframework.boot.web.servlet.context.ServletWebServerApplicationContext.createWebServer(ServletWebServerApplicationContext.java:183)
	at org.springframework.boot.web.servlet.context.ServletWebServerApplicationContext.onRefresh(ServletWebServerApplicationContext.java:161)
	at org.springframework.context.support.AbstractApplicationContext.refresh(AbstractApplicationContext.java:602)
	at org.springframework.boot.web.servlet.context.ServletWebServerApplicationContext.refresh(ServletWebServerApplicationContext.java:146)
	at org.springframework.boot.SpringApplication.refresh(SpringApplication.java:734)
	at org.springframework.boot.SpringApplication.refreshContext(SpringApplication.java:436)
	at org.springframework.boot.SpringApplication.run(SpringApplication.java:312)
	at org.springframework.boot.SpringApplication.run(SpringApplication.java:1306)
	at org.springframework.boot.SpringApplication.run(SpringApplication.java:1295)
	at com.ctrlcv.ersentinel_springboot.ErsentinelSpringbootApplication.main(ErsentinelSpringbootApplication.java:16)
Caused by: org.h2.jdbc.JdbcSQLSyntaxErrorException: Syntax error in SQL statement "\000d\000a    alter table if exists survey \000d\000a       add constraint FKhwl4rlo5sdliq7c5yimausy39 \000d\000a       foreign key (userid) \000d\000a       references [*]user"; expected "identifier"; SQL statement:

    alter table if exists survey 
       add constraint FKhwl4rlo5sdliq7c5yimausy39 
       foreign key (userid) 
       references user [42001-214]
	at org.h2.message.DbException.getJdbcSQLException(DbException.java:502)
	at org.h2.engine.SessionRemote.readException(SessionRemote.java:637)
	at org.h2.engine.SessionRemote.done(SessionRemote.java:606)
	at org.h2.command.CommandRemote.prepare(CommandRemote.java:78)
	at org.h2.command.CommandRemote.<init>(CommandRemote.java:50)
	at org.h2.engine.SessionRemote.prepareCommand(SessionRemote.java:480)
	at org.h2.jdbc.JdbcConnection.prepareCommand(JdbcConnection.java:1116)
	at org.h2.jdbc.JdbcStatement.executeInternal(JdbcStatement.java:237)
	at org.h2.jdbc.JdbcStatement.execute(JdbcStatement.java:223)
	at com.zaxxer.hikari.pool.ProxyStatement.execute(ProxyStatement.java:94)
	at com.zaxxer.hikari.pool.HikariProxyStatement.execute(HikariProxyStatement.java)
	at org.hibernate.tool.schema.internal.exec.GenerationTargetToDatabase.accept(GenerationTargetToDatabase.java:78)
	... 122 common frames omitted
2024-08-29 14:26:02,939 INFO  c.c.e.component.MariaDBAppender - [MariaDBAppender] append
2024-08-29 14:26:02,939 INFO  c.c.e.component.MariaDBAppender - [getlog]GenerationTarget encountered exception accepting command : Error executing DDL "
    alter table if exists survey 
       add constraint FKhwl4rlo5sdliq7c5yimausy39 
       foreign key (userid) 
       references user" via JDBC [Syntax error in SQL statement "\000d\000a    alter table if exists survey \000d\000a       add constraint FKhwl4rlo5sdliq7c5yimausy39 \000d\000a       foreign key (userid) \000d\000a       references [*]user"; expected "identifier";]
2024-08-29 14:26:02,941 INFO  o.s.o.j.LocalContainerEntityManagerFactoryBean - Initialized JPA EntityManagerFactory for persistence unit 'default'
2024-08-29 14:26:02,941 INFO  c.c.e.component.MariaDBAppender - [MariaDBAppender] append
2024-08-29 14:26:02,941 INFO  c.c.e.component.MariaDBAppender - [getlog]Initialized JPA EntityManagerFactory for persistence unit 'default'
2024-08-29 14:26:03,351 INFO  c.c.e.component.MariaDBAppender - [MariaDBAppender] set log
2024-08-29 14:26:03,352 INFO  c.c.e.component.MariaDBAppender - [MariaDBAppender] append
2024-08-29 14:26:03,352 INFO  c.c.e.component.MariaDBAppender - [getlog][MariaDBAppender] set log
2024-08-29 14:26:03,888 INFO  o.s.d.j.r.q.QueryEnhancerFactory - Hibernate is in classpath; If applicable, HQL parser will be used.
2024-08-29 14:26:03,888 INFO  c.c.e.component.MariaDBAppender - [MariaDBAppender] append
2024-08-29 14:26:03,888 INFO  c.c.e.component.MariaDBAppender - [getlog]Hibernate is in classpath; If applicable, HQL parser will be used.
2024-08-29 14:26:04,441 INFO  c.c.e.config.CorsConfig - ===== CorsFilter 적용 =====
2024-08-29 14:26:04,441 INFO  c.c.e.component.MariaDBAppender - [MariaDBAppender] append
2024-08-29 14:26:04,442 INFO  c.c.e.component.MariaDBAppender - [getlog]===== CorsFilter 적용 =====
2024-08-29 14:26:04,504 WARN  o.s.b.a.o.j.JpaBaseConfiguration$JpaWebConfiguration - spring.jpa.open-in-view is enabled by default. Therefore, database queries may be performed during view rendering. Explicitly configure spring.jpa.open-in-view to disable this warning
2024-08-29 14:26:04,504 INFO  c.c.e.component.MariaDBAppender - [MariaDBAppender] append
2024-08-29 14:26:04,504 INFO  c.c.e.component.MariaDBAppender - [getlog]spring.jpa.open-in-view is enabled by default. Therefore, database queries may be performed during view rendering. Explicitly configure spring.jpa.open-in-view to disable this warning
2024-08-29 14:26:04,629 INFO  o.s.s.w.DefaultSecurityFilterChain - Will secure any request with [org.springframework.security.web.session.DisableEncodeUrlFilter@2f229f60, org.springframework.security.web.context.request.async.WebAsyncManagerIntegrationFilter@3cdf8aa5, org.springframework.security.web.context.SecurityContextHolderFilter@7db72209, org.springframework.security.web.header.HeaderWriterFilter@61ce2d47, org.springframework.web.filter.CorsFilter@6dc010a2, org.springframework.security.web.authentication.logout.LogoutFilter@3e6a55fb, org.springframework.security.oauth2.client.web.OAuth2AuthorizationRequestRedirectFilter@ffd26d1, org.springframework.security.oauth2.client.web.OAuth2LoginAuthenticationFilter@7dfc0fda, com.ctrlcv.ersentinel_springboot.config.jwt.JWTTokenAuthenticationFilter@2703785e, org.springframework.security.web.authentication.UsernamePasswordAuthenticationFilter@5ca9a6a8, org.springframework.security.web.savedrequest.RequestCacheAwareFilter@39bbe17c, org.springframework.security.web.servletapi.SecurityContextHolderAwareRequestFilter@28b995b8, org.springframework.security.web.authentication.AnonymousAuthenticationFilter@310045fc, org.springframework.security.web.session.SessionManagementFilter@b0e903a, org.springframework.security.web.access.ExceptionTranslationFilter@dd3d0a6]
2024-08-29 14:26:04,629 INFO  c.c.e.component.MariaDBAppender - [MariaDBAppender] append
2024-08-29 14:26:04,629 INFO  c.c.e.component.MariaDBAppender - [getlog]Will secure any request with [org.springframework.security.web.session.DisableEncodeUrlFilter@2f229f60, org.springframework.security.web.context.request.async.WebAsyncManagerIntegrationFilter@3cdf8aa5, org.springframework.security.web.context.SecurityContextHolderFilter@7db72209, org.springframework.security.web.header.HeaderWriterFilter@61ce2d47, org.springframework.web.filter.CorsFilter@6dc010a2, org.springframework.security.web.authentication.logout.LogoutFilter@3e6a55fb, org.springframework.security.oauth2.client.web.OAuth2AuthorizationRequestRedirectFilter@ffd26d1, org.springframework.security.oauth2.client.web.OAuth2LoginAuthenticationFilter@7dfc0fda, com.ctrlcv.ersentinel_springboot.config.jwt.JWTTokenAuthenticationFilter@2703785e, org.springframework.security.web.authentication.UsernamePasswordAuthenticationFilter@5ca9a6a8, org.springframework.security.web.savedrequest.RequestCacheAwareFilter@39bbe17c, org.springframework.security.web.servletapi.SecurityContextHolderAwareRequestFilter@28b995b8, org.springframework.security.web.authentication.AnonymousAuthenticationFilter@310045fc, org.springframework.security.web.session.SessionManagementFilter@b0e903a, org.springframework.security.web.access.ExceptionTranslationFilter@dd3d0a6]
2024-08-29 14:26:05,056 INFO  o.a.coyote.http11.Http11NioProtocol - Starting ProtocolHandler ["http-nio-8080"]
2024-08-29 14:26:05,056 INFO  c.c.e.component.MariaDBAppender - [MariaDBAppender] append
2024-08-29 14:26:05,056 INFO  c.c.e.component.MariaDBAppender - [getlog]Starting ProtocolHandler ["http-nio-8080"]
2024-08-29 14:26:05,072 INFO  o.s.b.w.e.tomcat.TomcatWebServer - Tomcat started on port(s): 8080 (http) with context path ''
2024-08-29 14:26:05,072 INFO  c.c.e.component.MariaDBAppender - [MariaDBAppender] append
2024-08-29 14:26:05,072 INFO  c.c.e.component.MariaDBAppender - [getlog]Tomcat started on port(s): 8080 (http) with context path ''
2024-08-29 14:26:05,084 INFO  c.c.e.ErsentinelSpringbootApplication - Started ErsentinelSpringbootApplication in 6.739 seconds (process running for 7.593)
2024-08-29 14:26:05,084 INFO  c.c.e.component.MariaDBAppender - [MariaDBAppender] append
2024-08-29 14:26:05,084 INFO  c.c.e.component.MariaDBAppender - [getlog]Started ErsentinelSpringbootApplication in 6.739 seconds (process running for 7.593)
2024-08-29 14:26:05,191 WARN  o.h.e.jdbc.spi.SqlExceptionHelper - SQL Error: 42001, SQLState: 42001
2024-08-29 14:26:05,192 INFO  c.c.e.component.MariaDBAppender - [MariaDBAppender] append
2024-08-29 14:26:05,192 INFO  c.c.e.component.MariaDBAppender - [getlog]SQL Error: 42001, SQLState: 42001
2024-08-29 14:26:05,192 ERROR o.h.e.jdbc.spi.SqlExceptionHelper - Syntax error in SQL statement "select u1_0.id,u1_0.email,u1_0.nickname,u1_0.password,u1_0.role,u1_0.username from [*]user u1_0 where u1_0.username=?"; expected "identifier"; SQL statement:
select u1_0.id,u1_0.email,u1_0.nickname,u1_0.password,u1_0.role,u1_0.username from user u1_0 where u1_0.username=? [42001-214]
2024-08-29 14:26:05,192 INFO  c.c.e.component.MariaDBAppender - [MariaDBAppender] append
2024-08-29 14:26:05,192 INFO  c.c.e.component.MariaDBAppender - [getlog]Syntax error in SQL statement "select u1_0.id,u1_0.email,u1_0.nickname,u1_0.password,u1_0.role,u1_0.username from [*]user u1_0 where u1_0.username=?"; expected "identifier"; SQL statement:
select u1_0.id,u1_0.email,u1_0.nickname,u1_0.password,u1_0.role,u1_0.username from user u1_0 where u1_0.username=? [42001-214]
2024-08-29 14:26:05,200 INFO  o.s.b.a.l.ConditionEvaluationReportLogger - 

Error starting ApplicationContext. To display the condition evaluation report re-run your application with 'debug' enabled.
2024-08-29 14:26:05,201 INFO  c.c.e.component.MariaDBAppender - [MariaDBAppender] append
2024-08-29 14:26:05,201 INFO  c.c.e.component.MariaDBAppender - [getlog]

Error starting ApplicationContext. To display the condition evaluation report re-run your application with 'debug' enabled.
2024-08-29 14:26:05,220 ERROR o.s.boot.SpringApplication - Application run failed
java.lang.IllegalStateException: Failed to execute CommandLineRunner
	at org.springframework.boot.SpringApplication.callRunner(SpringApplication.java:774)
	at org.springframework.boot.SpringApplication.callRunners(SpringApplication.java:755)
	at org.springframework.boot.SpringApplication.run(SpringApplication.java:319)
	at org.springframework.boot.SpringApplication.run(SpringApplication.java:1306)
	at org.springframework.boot.SpringApplication.run(SpringApplication.java:1295)
	at com.ctrlcv.ersentinel_springboot.ErsentinelSpringbootApplication.main(ErsentinelSpringbootApplication.java:16)
Caused by: org.springframework.dao.InvalidDataAccessResourceUsageException: could not prepare statement [Syntax error in SQL statement "select u1_0.id,u1_0.email,u1_0.nickname,u1_0.password,u1_0.role,u1_0.username from [*]user u1_0 where u1_0.username=?"; expected "identifier"; SQL statement:
select u1_0.id,u1_0.email,u1_0.nickname,u1_0.password,u1_0.role,u1_0.username from user u1_0 where u1_0.username=? [42001-214]] [select u1_0.id,u1_0.email,u1_0.nickname,u1_0.password,u1_0.role,u1_0.username from user u1_0 where u1_0.username=?]; SQL [select u1_0.id,u1_0.email,u1_0.nickname,u1_0.password,u1_0.role,u1_0.username from user u1_0 where u1_0.username=?]
	at org.springframework.orm.jpa.vendor.HibernateJpaDialect.convertHibernateAccessException(HibernateJpaDialect.java:256)
	at org.springframework.orm.jpa.vendor.HibernateJpaDialect.translateExceptionIfPossible(HibernateJpaDialect.java:229)
	at org.springframework.orm.jpa.AbstractEntityManagerFactoryBean.translateExceptionIfPossible(AbstractEntityManagerFactoryBean.java:550)
	at org.springframework.dao.support.ChainedPersistenceExceptionTranslator.translateExceptionIfPossible(ChainedPersistenceExceptionTranslator.java:61)
	at org.springframework.dao.support.DataAccessUtils.translateIfNecessary(DataAccessUtils.java:242)
	at org.springframework.dao.support.PersistenceExceptionTranslationInterceptor.invoke(PersistenceExceptionTranslationInterceptor.java:152)
	at org.springframework.aop.framework.ReflectiveMethodInvocation.proceed(ReflectiveMethodInvocation.java:184)
	at org.springframework.data.jpa.repository.support.CrudMethodMetadataPostProcessor$CrudMethodMetadataPopulatingMethodInterceptor.invoke(CrudMethodMetadataPostProcessor.java:135)
	at org.springframework.aop.framework.ReflectiveMethodInvocation.proceed(ReflectiveMethodInvocation.java:184)
	at org.springframework.aop.interceptor.ExposeInvocationInterceptor.invoke(ExposeInvocationInterceptor.java:97)
	at org.springframework.aop.framework.ReflectiveMethodInvocation.proceed(ReflectiveMethodInvocation.java:184)
	at org.springframework.aop.framework.JdkDynamicAopProxy.invoke(JdkDynamicAopProxy.java:244)
	at jdk.proxy2/jdk.proxy2.$Proxy131.findByUsername(Unknown Source)
	at com.ctrlcv.ersentinel_springboot.DataLoader.run(DataLoader.java:34)
	at org.springframework.boot.SpringApplication.callRunner(SpringApplication.java:771)
	... 5 common frames omitted
Caused by: org.hibernate.exception.SQLGrammarException: could not prepare statement [Syntax error in SQL statement "select u1_0.id,u1_0.email,u1_0.nickname,u1_0.password,u1_0.role,u1_0.username from [*]user u1_0 where u1_0.username=?"; expected "identifier"; SQL statement:
select u1_0.id,u1_0.email,u1_0.nickname,u1_0.password,u1_0.role,u1_0.username from user u1_0 where u1_0.username=? [42001-214]] [select u1_0.id,u1_0.email,u1_0.nickname,u1_0.password,u1_0.role,u1_0.username from user u1_0 where u1_0.username=?]
	at org.hibernate.exception.internal.SQLExceptionTypeDelegate.convert(SQLExceptionTypeDelegate.java:64)
	at org.hibernate.exception.internal.StandardSQLExceptionConverter.convert(StandardSQLExceptionConverter.java:56)
	at org.hibernate.engine.jdbc.spi.SqlExceptionHelper.convert(SqlExceptionHelper.java:108)
	at org.hibernate.engine.jdbc.internal.StatementPreparerImpl$StatementPreparationTemplate.prepareStatement(StatementPreparerImpl.java:187)
	at org.hibernate.engine.jdbc.internal.StatementPreparerImpl.prepareStatement(StatementPreparerImpl.java:76)
	at org.hibernate.sql.exec.internal.JdbcSelectExecutorStandardImpl.lambda$list$0(JdbcSelectExecutorStandardImpl.java:102)
	at org.hibernate.sql.results.jdbc.internal.DeferredResultSetAccess.executeQuery(DeferredResultSetAccess.java:226)
	at org.hibernate.sql.results.jdbc.internal.DeferredResultSetAccess.getResultSet(DeferredResultSetAccess.java:163)
	at org.hibernate.sql.results.jdbc.internal.JdbcValuesResultSetImpl.advanceNext(JdbcValuesResultSetImpl.java:254)
	at org.hibernate.sql.results.jdbc.internal.JdbcValuesResultSetImpl.processNext(JdbcValuesResultSetImpl.java:134)
	at org.hibernate.sql.results.jdbc.internal.AbstractJdbcValues.next(AbstractJdbcValues.java:19)
	at org.hibernate.sql.results.internal.RowProcessingStateStandardImpl.next(RowProcessingStateStandardImpl.java:66)
	at org.hibernate.sql.results.spi.ListResultsConsumer.consume(ListResultsConsumer.java:198)
	at org.hibernate.sql.results.spi.ListResultsConsumer.consume(ListResultsConsumer.java:33)
	at org.hibernate.sql.exec.internal.JdbcSelectExecutorStandardImpl.doExecuteQuery(JdbcSelectExecutorStandardImpl.java:361)
	at org.hibernate.sql.exec.internal.JdbcSelectExecutorStandardImpl.executeQuery(JdbcSelectExecutorStandardImpl.java:168)
	at org.hibernate.sql.exec.internal.JdbcSelectExecutorStandardImpl.list(JdbcSelectExecutorStandardImpl.java:93)
	at org.hibernate.sql.exec.spi.JdbcSelectExecutor.list(JdbcSelectExecutor.java:31)
	at org.hibernate.query.sqm.internal.ConcreteSqmSelectQueryPlan.lambda$new$0(ConcreteSqmSelectQueryPlan.java:110)
	at org.hibernate.query.sqm.internal.ConcreteSqmSelectQueryPlan.withCacheableSqmInterpretation(ConcreteSqmSelectQueryPlan.java:303)
	at org.hibernate.query.sqm.internal.ConcreteSqmSelectQueryPlan.performList(ConcreteSqmSelectQueryPlan.java:244)
	at org.hibernate.query.sqm.internal.QuerySqmImpl.doList(QuerySqmImpl.java:518)
	at org.hibernate.query.spi.AbstractSelectionQuery.list(AbstractSelectionQuery.java:367)
	at org.hibernate.query.spi.AbstractSelectionQuery.getSingleResult(AbstractSelectionQuery.java:473)
	at java.base/jdk.internal.reflect.NativeMethodAccessorImpl.invoke0(Native Method)
	at java.base/jdk.internal.reflect.NativeMethodAccessorImpl.invoke(NativeMethodAccessorImpl.java:77)
	at java.base/jdk.internal.reflect.DelegatingMethodAccessorImpl.invoke(DelegatingMethodAccessorImpl.java:43)
	at java.base/java.lang.reflect.Method.invoke(Method.java:568)
	at org.springframework.orm.jpa.SharedEntityManagerCreator$DeferredQueryInvocationHandler.invoke(SharedEntityManagerCreator.java:405)
	at jdk.proxy2/jdk.proxy2.$Proxy154.getSingleResult(Unknown Source)
	at org.springframework.data.jpa.repository.query.JpaQueryExecution$SingleEntityExecution.doExecute(JpaQueryExecution.java:223)
	at org.springframework.data.jpa.repository.query.JpaQueryExecution.execute(JpaQueryExecution.java:92)
	at org.springframework.data.jpa.repository.query.AbstractJpaQuery.doExecute(AbstractJpaQuery.java:148)
	at org.springframework.data.jpa.repository.query.AbstractJpaQuery.execute(AbstractJpaQuery.java:136)
	at org.springframework.data.repository.core.support.RepositoryMethodInvoker.doInvoke(RepositoryMethodInvoker.java:136)
	at org.springframework.data.repository.core.support.RepositoryMethodInvoker.invoke(RepositoryMethodInvoker.java:120)
	at org.springframework.data.repository.core.support.QueryExecutorMethodInterceptor.doInvoke(QueryExecutorMethodInterceptor.java:164)
	at org.springframework.data.repository.core.support.QueryExecutorMethodInterceptor.invoke(QueryExecutorMethodInterceptor.java:143)
	at org.springframework.aop.framework.ReflectiveMethodInvocation.proceed(ReflectiveMethodInvocation.java:184)
	at org.springframework.data.projection.DefaultMethodInvokingMethodInterceptor.invoke(DefaultMethodInvokingMethodInterceptor.java:72)
	at org.springframework.aop.framework.ReflectiveMethodInvocation.proceed(ReflectiveMethodInvocation.java:184)
	at org.springframework.transaction.interceptor.TransactionInterceptor$1.proceedWithInvocation(TransactionInterceptor.java:123)
	at org.springframework.transaction.interceptor.TransactionAspectSupport.invokeWithinTransaction(TransactionAspectSupport.java:391)
	at org.springframework.transaction.interceptor.TransactionInterceptor.invoke(TransactionInterceptor.java:119)
	at org.springframework.aop.framework.ReflectiveMethodInvocation.proceed(ReflectiveMethodInvocation.java:184)
	at org.springframework.dao.support.PersistenceExceptionTranslationInterceptor.invoke(PersistenceExceptionTranslationInterceptor.java:137)
	... 14 common frames omitted
Caused by: org.h2.jdbc.JdbcSQLSyntaxErrorException: Syntax error in SQL statement "select u1_0.id,u1_0.email,u1_0.nickname,u1_0.password,u1_0.role,u1_0.username from [*]user u1_0 where u1_0.username=?"; expected "identifier"; SQL statement:
select u1_0.id,u1_0.email,u1_0.nickname,u1_0.password,u1_0.role,u1_0.username from user u1_0 where u1_0.username=? [42001-214]
	at org.h2.message.DbException.getJdbcSQLException(DbException.java:502)
	at org.h2.engine.SessionRemote.readException(SessionRemote.java:637)
	at org.h2.engine.SessionRemote.done(SessionRemote.java:606)
	at org.h2.command.CommandRemote.prepare(CommandRemote.java:78)
	at org.h2.command.CommandRemote.<init>(CommandRemote.java:50)
	at org.h2.engine.SessionRemote.prepareCommand(SessionRemote.java:480)
	at org.h2.jdbc.JdbcConnection.prepareCommand(JdbcConnection.java:1116)
	at org.h2.jdbc.JdbcPreparedStatement.<init>(JdbcPreparedStatement.java:92)
	at org.h2.jdbc.JdbcConnection.prepareStatement(JdbcConnection.java:288)
	at com.zaxxer.hikari.pool.ProxyConnection.prepareStatement(ProxyConnection.java:327)
	at com.zaxxer.hikari.pool.HikariProxyConnection.prepareStatement(HikariProxyConnection.java)
	at org.hibernate.engine.jdbc.internal.StatementPreparerImpl$1.doPrepare(StatementPreparerImpl.java:91)
	at org.hibernate.engine.jdbc.internal.StatementPreparerImpl$StatementPreparationTemplate.prepareStatement(StatementPreparerImpl.java:177)
	... 56 common frames omitted
2024-08-29 14:26:05,220 INFO  c.c.e.component.MariaDBAppender - [MariaDBAppender] append
2024-08-29 14:26:05,220 INFO  c.c.e.component.MariaDBAppender - [getlog]Application run failed
2024-08-29 14:26:05,392 INFO  o.s.o.j.LocalContainerEntityManagerFactoryBean - Closing JPA EntityManagerFactory for persistence unit 'default'
2024-08-29 14:26:05,392 INFO  c.c.e.component.MariaDBAppender - [MariaDBAppender] append
2024-08-29 14:26:05,392 INFO  c.c.e.component.MariaDBAppender - [getlog]Closing JPA EntityManagerFactory for persistence unit 'default'
2024-08-29 14:26:05,395 INFO  com.zaxxer.hikari.HikariDataSource - HikariPool-1 - Shutdown initiated...
2024-08-29 14:26:05,395 INFO  c.c.e.component.MariaDBAppender - [MariaDBAppender] append
2024-08-29 14:26:05,395 INFO  c.c.e.component.MariaDBAppender - [getlog]HikariPool-1 - Shutdown initiated...
2024-08-29 14:26:05,404 INFO  com.zaxxer.hikari.HikariDataSource - HikariPool-1 - Shutdown completed.
2024-08-29 14:26:05,405 INFO  c.c.e.component.MariaDBAppender - [MariaDBAppender] append
2024-08-29 14:26:05,405 INFO  c.c.e.component.MariaDBAppender - [getlog]HikariPool-1 - Shutdown completed.
